from_trip_id,to_stop_id,from_stop_id,to_trip_id,transfer_type,min_transfer_time
,11716,11719,,0,240
,8743,8743,,0,240
,1572,8045,,0,240
,3449,3565,,2,480
,12916,12155,,2,300
,12869,12869,,0,240
,11283,160,,2,300
,11604,11598,,2,360
,35,96,,2,480
,78,189,,2,300
,9530,317,,0,240
,11759,10959,,2,420
,12954,12902,,0,240
,3206,3206,,0,240
,1709,1482,,0,240
,1254,709,,0,240
,301,646,,2,300
,3449,3594,,2,300
,3053,3195,,0,240
,8746,12147,,0,240
,12205,6730,,2,360
,12736,4045,,2,360
,12375,8535,,2,300
,317,9530,,2,300
,12666,1160,,2,300
,8679,8757,,0,240
,8615,5003,,2,360
,11653,11785,,2,480
,11732,2320,,0,240
,1156,1197,,2,300
,3394,12234,,0,240
,7167,12293,,2,300
,3806,3822,,0,240
,6727,5216,,2,120
,1546,1728,,0,240
,4882,10399,,2,300
,10643,11593,,2,300
,11704,5436,,0,240
,11289,11256,,0,240
,3333,3954,,2,300
,8044,8754,,2,360
,4471,4459,,0,240
,1156,1156,,0,240
,7214,7214,,0,240
,8039,40,,2,300
,95,8038,,2,600
,4496,4881,,2,420
,8674,8743,,2,360
,8689,12147,,0,240
,2708,2708,,0,240
,766,8394,,0,240
,758,1980,,2,300
,938,78,,2,360
,5989,10929,,0,240
,12234,3533,,0,240
,8351,5040,,2,360
,11685,3708,,2,480
,2899,8710,,2,120
,5436,8854,,0,240
,12681,9112,,2,420
,3156,3091,,2,360
,6512,6512,,0,240
,3769,3334,,0,240
,1151,1355,,0,240
,6077,11858,,0,240
,5756,5756,,0,240
,12424,10647,,2,120
,3334,12234,,0,240
,1231,8763,,2,300
,6039,10189,,0,240
,8075,10492,,2,360
,9136,12791,,2,480
,10914,7639,,0,240
,3904,3334,,0,240
,5633,11858,,0,240
,3542,3619,,0,240
,6984,8065,,0,240
,11712,11765,,0,240
,12664,155,,2,300
,850,1206,,2,360
,8068,1173,,2,300
,423,11280,,2,300
,3394,3904,,0,240
,6000,5464,,0,240
,5031,11701,,2,360
,2081,405,,0,240
,11272,985,,2,300
,8802,1870,,2,300
,12332,12020,,0,240
,4962,4961,,0,240
,4015,4055,,2,300
,6610,6610,,0,240
,5140,5021,,0,240
,1413,1413,,0,240
,10437,6194,,0,240
,5991,2410,,0,240
,569,60,,0,240
,3159,3239,,0,240
,11704,13013,,0,240
,5122,5494,,2,120
,11905,6107,,0,240
,8680,8748,,0,240
,8758,8697,,0,240
,5547,6313,,2,360
,4052,4052,,0,240
,231,185,,0,240
,5769,5122,,0,240
,7095,12173,,2,300
,5854,9721,,0,240
,5436,6174,,0,240
,1892,1892,,0,240
,8021,3334,,2,120
,11256,11288,,0,240
,11246,11256,,0,240
,10867,8036,,0,240
,8028,7768,,2,120
,11704,5542,,0,240
,12043,7644,,2,360
,411,11638,,2,300
,859,8034,,2,480
,26,11427,,2,360
,11367,4456,,0,240
,4494,11524,,2,360
,8748,8659,,0,240
,10017,8758,,0,240
,4491,11866,,0,240
,11283,12975,,2,360
,8035,8034,,2,480
,12361,11792,,2,420
,860,860,,0,240
,5183,5183,,0,240
,1070,1156,,0,240
,8074,181,,0,240
,5891,10881,,2,300
,5325,5389,,0,240
,8060,11882,,0,240
,1442,11682,,0,240
,6088,5542,,0,240
,12206,12220,,2,120
,13096,12717,,2,360
,12946,8368,,2,360
,1334,6992,,2,480
,1685,11674,,2,300
,7468,7468,,0,240
,12020,8020,,2,120
,11716,8064,,0,240
,3954,3333,,0,240
,5769,11882,,0,240
,6949,2101,,0,240
,951,1242,,0,240
,11874,8759,,0,240
,12567,11876,,2,360
,3825,9378,,2,360
,11221,11260,,2,420
,132,296,,0,240
,3053,12234,,0,240
,4922,4936,,2,300
,3281,9342,,2,300
,12666,12665,,2,360
,6466,6466,,0,240
,8070,1685,,0,240
,6139,6340,,2,300
,6923,8852,,0,240
,8755,12227,,2,300
,12395,6132,,2,420
,12375,410,,2,420
,742,737,,2,300
,12580,7768,,0,240
,9124,1519,,0,240
,313,366,,0,240
,503,503,,0,240
,3334,12235,,0,240
,8689,12227,,0,240
,12321,12235,,0,240
,4471,10866,,0,240
,3806,3478,,0,240
,35,11535,,2,480
,5352,7166,,0,240
,11718,11714,,0,240
,256,255,,0,240
,11229,3195,,0,240
,12955,12901,,0,240
,6053,6124,,0,240
,5436,13013,,0,240
,2123,1754,,0,240
,11942,10860,,0,240
,6133,9062,,2,300
,8035,938,,2,480
,11861,5633,,0,240
,3779,3385,,0,240
,11802,11808,,0,240
,4123,4138,,2,300
,1828,1076,,0,240
,5561,11122,,0,240
,2639,2328,,0,240
,11310,11274,,2,360
,646,646,,0,240
,11247,11707,,0,240
,10428,10428,,0,240
,3533,7643,,0,240
,11522,30,,2,600
,5389,5389,,0,240
,7555,7449,,0,240
,7214,7259,,0,240
,3906,3195,,0,240
,744,744,,0,240
,1546,1692,,0,240
,1550,1793,,0,240
,12586,11283,,2,300
,11282,160,,2,300
,1793,1563,,0,240
,1572,8072,,0,240
,12581,12596,,2,360
,1659,1643,,0,240
,4168,4107,,2,300
,1558,1558,,0,240
,5287,11592,,2,360
,11251,11251,,0,240
,3904,12234,,0,240
,6455,6455,,0,240
,5381,5335,,2,300
,7469,7468,,0,240
,11882,5122,,0,240
,12735,4045,,2,360
,3487,3476,,2,360
,5623,5623,,0,240
,4212,12686,,2,360
,9311,9255,,0,240
,11764,11882,,2,300
,12681,8077,,2,480
,1907,744,,0,240
,12866,10799,,2,300
,7093,7093,,0,240
,8139,963,,0,240
,5781,5756,,0,240
,5510,5463,,2,300
,12602,181,,2,300
,11032,11032,,0,240
,10620,853,,2,300
,8045,12556,,2,300
,4371,4218,,0,240
,9255,9311,,0,240
,8035,11535,,2,600
,4881,10399,,2,120
,8759,12567,,2,300
,12405,1173,,2,300
,4004,4004,,0,240
,12693,4242,,0,240
,12334,1013,,2,300
,5961,11137,,0,240
,3806,8022,,2,120
,4004,4052,,2,300
,6080,6080,,0,240
,6310,6310,,0,240
,4560,4403,,2,420
,2338,8064,,2,360
,3023,2630,,0,240
,8412,8412,,0,240
,709,12667,,0,240
,11272,31,,2,540
,906,1697,,0,240
,11251,11252,,0,240
,12749,857,,2,360
,11952,11959,,0,240
,3411,3411,,0,240
,8024,12498,,2,120
,3769,3533,,0,240
,12716,11243,,2,300
,210,1592,,0,240
,8753,8907,,0,240
,11282,11354,,2,300
,3806,3779,,0,240
,1401,11874,,2,360
,6455,4845,,0,240
,13013,6088,,2,420
,7890,10295,,0,240
,12405,2717,,2,300
,2630,2799,,0,240
,12669,761,,2,300
,1394,1858,,0,240
,3331,12272,,0,240
,3057,3057,,0,240
,8753,1091,,2,300
,10745,11285,,2,300
,35,10553,,2,300
,6684,6603,,2,300
,409,8077,,2,300
,3565,3515,,2,300
,8683,8697,,0,240
,11243,11243,,0,240
,8685,8691,,0,240
,3904,3533,,0,240
,5436,5436,,0,240
,12241,12232,,0,240
,2160,1337,,2,600
,5796,5761,,2,360
,11095,906,,0,240
,11704,6174,,2,300
,8845,8845,,0,240
,6648,6908,,0,240
,1401,11879,,2,420
,10202,8067,,0,240
,6114,5828,,0,240
,12791,12791,,0,240
,599,354,,2,300
,11095,8752,,2,300
,11623,668,,0,240
,5567,4933,,0,240
,6126,6103,,2,360
,74,75,,0,240
,11810,11801,,0,240
,8412,12946,,0,240
,11940,8033,,2,120
,8020,12020,,2,120
,1833,1076,,0,240
,12393,1832,,0,240
,11337,11310,,2,300
,10866,8036,,2,120
,8847,8847,,0,240
,524,11529,,0,240
,12873,1329,,0,240
,10921,1736,,0,240
,78,1016,,2,480
,12764,11278,,2,360
,542,4879,,2,360
,1463,2787,,0,240
,12949,5700,,0,240
,10513,415,,2,360
,12362,11792,,2,360
,12946,8412,,0,240
,11759,11760,,0,240
,4304,4323,,0,240
,12332,12231,,0,240
,12947,8368,,2,360
,12173,7207,,2,300
,8052,10929,,0,240
,11088,12548,,2,300
,5768,11882,,0,240
,5230,5553,,0,240
,11757,10856,,2,300
,863,863,,0,240
,423,1586,,0,240
,3394,3195,,0,240
,8039,11303,,2,360
,722,694,,2,300
,5464,5509,,0,240
,8757,8679,,0,240
,8847,8820,,0,240
,5034,5656,,0,240
,3533,12234,,0,240
,10021,8659,,2,480
,6340,6173,,2,300
,6467,5769,,2,300
,10799,11281,,2,300
,3613,3548,,2,300
,3906,3204,,0,240
,8535,409,,0,240
,322,110,,0,240
,13018,5975,,0,240
,8483,8283,,2,300
,36,10591,,2,480
,8688,12227,,0,240
,1563,1793,,0,240
,3906,3394,,0,240
,4018,4228,,0,240
,1147,850,,2,360
,8687,8755,,0,240
,6944,6919,,0,240
,8023,11559,,2,120
,2527,2418,,2,360
,8040,409,,2,300
,12952,12901,,0,240
,8747,9952,,0,240
,3064,9379,,2,300
,8754,8913,,2,360
,318,318,,0,240
,4504,4517,,0,240
,2833,2414,,2,120
,11127,5067,,2,300
,2630,8051,,0,240
14879234,11434,11434,14879083,4,0
,11943,10860,,0,240
,48,98,,2,300
,2268,2321,,0,240
,4052,4004,,2,300
,646,744,,0,240
,1283,184,,2,360
,5543,6195,,2,300
,11535,1016,,2,120
,5675,5127,,0,240
,11526,10399,,2,300
,5769,10881,,2,300
,11589,1231,,0,240
,6077,5509,,0,240
,5419,5274,,0,240
,11710,11719,,0,240
14860968,10811,10811,14860977,4,0
,11525,8041,,2,360
,4494,12535,,2,300
,10885,10888,,0,240
,10068,10068,,0,240
,1394,1393,,2,360
,3723,13037,,2,480
,9239,9239,,0,240
,3023,3023,,0,240
,1170,1170,,0,240
,5769,5769,,0,240
,4447,4599,,0,240
,3204,12235,,0,240
,95,859,,2,360
,8061,10884,,2,300
,10827,10827,,0,240
,1865,10092,,2,300
,1327,12873,,2,480
,2028,1679,,0,240
,2769,1391,,0,240
,6164,6204,,0,240
,5673,5661,,2,300
,11274,11311,,2,420
,8037,10865,,0,240
,1875,12972,,0,240
,8689,8688,,0,240
,6088,6088,,0,240
,613,1,,0,240
,7591,6727,,2,120
,5793,5494,,2,120
,7562,7444,,0,240
,3394,3334,,0,240
,7501,7501,,0,240
,8683,10017,,0,240
,1387,1387,,0,240
,9494,3056,,2,360
,2057,774,,0,240
,718,12668,,0,240
,5539,5539,,0,240
,3878,3898,,2,300
,11874,11874,,0,240
,11801,11810,,0,240
,12866,423,,0,240
,5072,5104,,0,240
,8743,8673,,2,420
,7100,7100,,0,240
,10349,10335,,0,240
,12687,4204,,2,300
,11283,11354,,2,300
,337,11021,,2,300
,6631,8295,,2,300
,179,12818,,2,360
,2738,11529,,2,360
,1576,1308,,0,240
,2266,11909,,0,240
,11707,11707,,0,240
,9243,9243,,0,240
,8030,11559,,2,120
,3906,3334,,0,240
,3334,8032,,2,120
,313,1604,,2,360
,2409,6086,,0,240
,12183,1660,,0,240
,6077,5593,,0,240
,1685,1736,,0,240
,3548,3133,,2,300
,8068,12406,,0,240
,1042,11013,,0,240
,1086,1544,,0,240
,11248,11289,,0,240
,5287,5805,,2,360
,10429,2477,,0,240
,6195,11704,,2,420
,12240,12232,,0,240
,1886,10092,,2,300
,11204,13054,,0,240
,8552,8578,,0,240
,8561,8573,,0,240
,10823,4750,,0,240
,12647,8021,,2,120
,12639,10316,,2,360
,11616,11526,,2,300
,10412,8922,,2,300
,2035,1218,,0,240
,12546,6734,,2,300
,9560,6805,,0,240
,6489,6820,,0,240
,10481,604,,0,240
,6734,6734,,0,240
,11764,10880,,2,360
,8674,8673,,0,240
,11229,8021,,2,120
,12411,12409,,0,240
,887,176,,2,300
,5891,8057,,2,300
,11811,11801,,0,240
,3535,8065,,0,240
,3731,3695,,0,240
,11250,11288,,0,240
,4228,4043,,0,240
,1558,1554,,0,240
,8068,2717,,0,240
,10865,8036,,0,240
,76,9112,,2,480
,8031,3816,,2,120
,6455,5997,,0,240
,11302,8034,,2,480
,2799,2477,,0,240
,12363,11792,,2,360
,12947,8412,,0,240
,122,1276,,2,300
,1387,2742,,0,240
,9337,9337,,0,240
,3204,3904,,0,240
,12242,3207,,2,360
,5542,11704,,0,240
,235,181,,0,240
,4248,4296,,0,240
,6843,6884,,2,300
,11613,9848,,2,360
,11710,8064,,0,240
,8073,8754,,2,360
,9564,6646,,0,240
,5138,11128,,0,240
,5456,11074,,0,240
,11269,11256,,0,240
,11876,8759,,0,240
,12375,9307,,2,300
,10879,4228,,0,240
,1105,11023,,0,240
,4500,4567,,2,300
,1709,12318,,0,240
,8417,12947,,2,360
,2745,1561,,0,240
,6731,6733,,2,360
,10315,10295,,2,120
,2203,8065,,0,240
,8659,8679,,0,240
,9572,8852,,0,240
,11806,11802,,0,240
,5737,5641,,0,240
,318,361,,2,300
,11861,11858,,2,300
,11095,8761,,2,300
,6464,5601,,0,240
,12320,12231,,0,240
,8029,7827,,2,120
,11010,842,,0,240
,12953,12901,,0,240
,4496,409,,2,360
,2266,11906,,0,240
,8023,7736,,0,240
,8037,989,,2,120
,5725,5052,,0,240
,10890,10885,,0,240
,5262,10881,,0,240
,11525,1016,,2,360
,11799,11801,,0,240
,6458,5252,,2,120
,7207,5352,,0,240
,3816,8031,,2,120
,9022,11076,,0,240
,11526,11526,,0,240
,5634,5463,,2,300
,3898,3856,,2,360
,5542,6195,,2,360
,4882,985,,0,240
,11523,11523,,0,240
,8060,5769,,2,300
,8756,10971,,0,240
,1387,12318,,2,300
,442,497,,2,360
,5768,10881,,2,300
,301,12168,,2,300
,12947,8417,,2,360
,6077,5464,,0,240
,8035,95,,2,480
,12639,7745,,2,300
,11588,1231,,0,240
,8021,3904,,2,120
,8657,8691,,0,240
,3831,3855,,2,360
,3904,3195,,0,240
,13013,5543,,2,420
,4917,4917,,0,240
,9129,11523,,2,300
,4495,12535,,2,300
,13096,11707,,2,300
,10799,11280,,2,300
,5955,5830,,0,240
,4201,4189,,2,300
,5069,5869,,0,240
,4506,4506,,0,240
,11247,6753,,2,300
,11858,6077,,0,240
,13077,11388,,2,300
,11078,5474,,2,300
,11295,12716,,2,300
,3023,2692,,0,240
,6478,5410,,0,240
,11715,11714,,0,240
,2717,2671,,2,120
,11276,11258,,2,360
,4365,4188,,2,300
,5262,6467,,0,240
,12498,8029,,2,120
,497,497,,0,240
,6340,13013,,2,420
,8691,8691,,0,240
,11275,11311,,2,420
14905798,9665,9665,14905799,4,0
,12665,1160,,2,300
,4010,4010,,0,240
,1379,397,,0,240
,3394,8021,,2,120
,3385,8022,,2,120
,2833,2717,,0,240
,1355,1202,,0,240
,7869,11439,,2,300
,9505,8743,,2,360
,3927,7643,,0,240
,405,584,,0,240
,7835,10295,,0,240
,5494,8057,,0,240
,3140,3613,,2,300
,10866,12693,,2,120
,35,8038,,2,420
,5262,5494,,2,120
,3731,3731,,0,240
,4830,4061,,2,300
,11020,251,,0,240
,12647,7643,,0,240
,1231,11606,,0,240
,12022,12231,,0,240
,9720,5180,,0,240
,9576,6902,,2,300
,1173,2414,,0,240
,12155,5042,,0,240
,6459,5456,,0,240
,5516,11074,,0,240
,410,410,,0,240
,5593,11858,,0,240
,1711,1708,,0,240
,12975,11354,,2,360
,8039,8038,,2,360
,1042,11023,,0,240
,11287,11252,,0,240
,10893,12673,,2,300
,2833,1173,,0,240
14840359,11258,11258,14833391,4,0
,165,11500,,0,240
,10429,3023,,0,240
,2110,2123,,0,240
,11285,2051,,2,300
,12625,12626,,2,360
,3822,8022,,2,120
,12235,3904,,0,240
,6534,6534,,0,240
,6028,6124,,0,240
,6321,5547,,2,360
,6962,6988,,0,240
,10647,10648,,2,300
,12931,8936,,2,300
,8763,11588,,2,360
,5037,5725,,0,240
,6892,6838,,2,300
,10882,4016,,2,300
,3094,2622,,0,240
,8019,11441,,2,480
,11293,6630,,2,360
,5793,11882,,0,240
,11131,5683,,0,240
,10231,10331,,2,300
,1557,1469,,2,300
,12358,11794,,2,300
,8064,11713,,0,240
,9255,3965,,0,240
,4845,5230,,0,240
,12405,12409,,0,240
,8044,1231,,2,300
,3331,12267,,0,240
,12411,8068,,2,300
,2799,2692,,0,240
,709,659,,0,240
,6734,12546,,2,300
,2429,2478,,0,240
,12234,8032,,0,240
,4077,4077,,0,240
,6896,6599,,2,300
,5436,6088,,2,240
,10413,8922,,2,300
,2833,12409,,0,240
,915,1054,,2,300
,11534,11638,,2,360
,8066,10429,,0,240
,6881,6637,,0,240
,5464,5593,,0,240
,8922,10413,,2,300
,11403,329,,2,360
,3315,12272,,2,300
,3822,3822,,0,240
,5761,5834,,2,300
,256,12664,,0,240
,12655,10892,,0,240
,7029,7029,,0,240
,10034,10034,,0,240
,9174,3900,,0,240
,11942,8033,,2,120
,10833,10833,,0,240
,793,11022,,0,240
,3385,3478,,0,240
,10018,8697,,0,240
,6608,6605,,2,360
,25,11427,,0,240
,4243,4243,,0,240
,6902,9577,,0,240
,5498,11078,,2,360
,1971,1027,,2,300
,6019,11123,,2,300
,5557,5629,,0,240
,8283,8485,,2,480
,10429,2692,,2,120
,6006,6006,,0,240
,7281,7281,,0,240
,545,9136,,0,240
,12409,12406,,0,240
,11589,972,,0,240
,5045,10881,,0,240
,35,78,,2,360
,4218,4371,,0,240
,6080,4939,,0,240
,12405,8068,,0,240
,11010,793,,0,240
,5543,11704,,2,420
,2098,2098,,0,240
,3242,12228,,2,300
,11664,5183,,2,300
,1401,1401,,0,240
,7261,7328,,2,300
,12668,12891,,2,300
,5045,8060,,0,240
,8760,8673,,0,240
,10620,782,,2,300
,2489,2623,,2,300
,181,12602,,2,300
,8035,12036,,2,600
,7123,7125,,0,240
,12639,12636,,2,360
,5252,8055,,0,240
,10299,7666,,2,420
,2539,8048,,0,240
,2738,696,,2,360
,8047,1736,,0,240
,7070,7070,,0,240
,12444,7685,,2,300
,8022,3816,,2,120
,5498,11077,,2,360
,12764,11279,,2,360
,11911,1444,,0,240
,1875,2836,,0,240
,8060,6456,,0,240
,48,75,,0,240
,11807,11802,,0,240
,8041,11525,,2,300
,5180,5815,,2,360
,3904,3394,,0,240
,6223,6146,,0,240
,1444,11911,,0,240
,11860,11858,,0,240
,8689,8755,,0,240
,8922,7416,,2,300
,6482,8490,,2,360
,4191,4514,,0,240
,11806,11801,,0,240
,7643,3334,,0,240
,12950,12901,,0,240
,4329,11929,,2,300
,11108,3057,,0,240
,8326,6703,,0,240
,10891,10885,,0,240
,12548,12764,,2,300
,442,737,,2,600
,5997,5553,,2,120
,12318,1387,,2,300
,932,11279,,2,480
,1544,1061,,0,240
,6532,7001,,0,240
,7727,7827,,0,240
,5729,11133,,0,240
,11801,11808,,0,240
,10335,10349,,2,360
,11123,6019,,0,240
,4961,12794,,2,300
,10966,213,,0,240
,989,4568,,0,240
,5376,5341,,0,240
,3865,3865,,0,240
,6086,6086,,0,240
14877786,7572,7572,14877767,4,0
,9020,9492,,2,360
,5891,5122,,0,240
,4231,4239,,0,240
,2323,2323,,0,240
,9244,9244,,0,240
,2478,2476,,2,360
,785,1206,,2,300
,10887,10888,,0,240
,5464,5700,,0,240
,11627,4950,,2,600
,6727,7635,,2,120
,11302,859,,2,420
,11281,1586,,2,300
,1537,1308,,0,240
,10400,77,,0,240
,11122,5561,,0,240
,12230,11940,,0,240
,4845,4939,,0,240
,4722,10819,,0,240
,10023,10023,,0,240
,11526,77,,0,240
,8690,8691,,0,240
,11074,5516,,0,240
,10887,10886,,0,240
,9505,8674,,0,240
,911,11095,,0,240
,12208,9714,,2,360
,5093,5997,,0,240
,5797,5756,,0,240
,9634,6572,,0,240
,1852,1809,,2,300
,1362,10196,,2,480
,8071,1065,,0,240
,10867,12693,,0,240
,5703,5458,,2,360
,12233,12242,,2,360
,11874,12963,,2,360
,3927,3204,,0,240
,6197,6172,,2,300
,9577,6902,,0,240
,4440,4440,,0,240
,6340,5543,,2,300
14905811,12217,12217,14905812,4,0
,11253,11248,,0,240
,6175,6194,,0,240
,7478,7478,,0,240
,2692,3023,,0,240
,11697,12567,,2,540
,13004,12976,,2,300
,4243,4301,,0,240
,650,12668,,2,300
,3731,9397,,2,300
,10360,11221,,2,360
,11286,11252,,0,240
,8657,8755,,0,240
,892,1361,,0,240
,11860,6077,,0,240
,5633,6077,,0,240
,11284,2051,,2,300
,4973,4960,,2,120
,10889,10885,,0,240
,1320,2039,,0,240
,6000,5700,,0,240
,11398,11254,,2,300
,8031,3478,,2,120
,8759,11879,,2,480
,2847,2971,,0,240
,11629,5077,,2,480
,8854,13013,,0,240
,1391,1391,,0,240
,155,255,,0,240
,4355,4355,,0,240
,6174,5436,,0,240
,12057,12600,,2,300
,78,859,,2,360
,8488,6146,,2,300
,12410,8068,,0,240
,8604,11290,,2,300
,1633,1633,,0,240
,12873,1337,,2,540
,35,11441,,2,360
,3317,3298,,2,420
,12242,12232,,2,300
,397,62,,0,240
,5818,5813,,0,240
,8289,10470,,0,240
,12235,8032,,0,240
,2742,12318,,2,300
,5295,5960,,0,240
,8483,6781,,2,480
,30,30,,0,240
,2671,2717,,0,240
,5464,5633,,0,240
,5781,5797,,0,240
,1173,8049,,2,300
,5509,11860,,0,240
,6753,11243,,0,240
,1642,1660,,0,240
,1092,915,,0,240
,3155,12228,,0,240
,4750,10819,,0,240
,8485,8282,,0,240
,5445,5445,,0,240
,6667,6700,,2,360
,4360,4336,,2,360
,95,78,,0,240
,9291,9291,,0,240
,2646,3624,,0,240
,11943,8033,,2,120
,59,11113,,2,300
,13069,1391,,2,300
,397,397,,0,240
,10879,10882,,0,240
,7743,7727,,0,240
,2397,8052,,0,240
,6958,6958,,0,240
,11526,12036,,0,240
,7106,7108,,2,300
,8913,8916,,0,240
,8035,859,,2,480
,6901,9577,,2,600
,11274,11337,,2,360
,2671,1173,,0,240
,12947,8366,,0,240
,5890,8055,,0,240
,8282,8485,,2,300
,834,2044,,0,240
,6455,5553,,0,240
,6590,9564,,0,240
,5345,7150,,2,300
,11588,972,,0,240
,9112,31,,2,300
,924,1361,,0,240
,12548,11357,,2,300
,4972,4961,,0,240
,1231,8916,,0,240
,655,1347,,0,240
,11352,11088,,2,300
,1394,12827,,2,300
,3852,3852,,0,240
,4304,4304,,0,240
,12567,8759,,2,300
,1300,10196,,2,480
,6340,6088,,0,240
,12211,12228,,0,240
,8063,2354,,0,240
,942,3428,,2,300
,11712,8064,,0,240
,11124,6073,,0,240
,2023,1659,,0,240
,7214,7207,,0,240
,11260,11221,,2,420
,7046,6991,,0,240
,12267,3315,,0,240
,774,863,,0,240
,8913,8754,,2,360
,12793,10890,,0,240
,6351,6230,,0,240
,4427,4329,,2,300
,13096,11294,,2,360
,1697,911,,0,240
,12168,12626,,0,240
,5183,5815,,2,300
,6222,6146,,0,240
,4242,4459,,0,240
,8688,8755,,0,240
,8913,8763,,2,360
,5826,5826,,0,240
,1510,122,,2,300
,857,1143,,2,300
,5797,5781,,0,240
,6077,5700,,0,240
,11232,8989,,2,300
,11712,11713,,0,240
,12951,12901,,0,240
,6172,6172,,0,240
,2221,2221,,0,240
,11861,5593,,2,300
,10892,10885,,0,240
,8024,7743,,2,120
,2153,267,,2,360
,7639,8055,,0,240
,9582,8617,,2,300
,6781,6704,,2,480
,8552,8575,,0,240
,9186,9199,,0,240
,902,1092,,0,240
,10308,12637,,2,300
,11523,31,,2,480
,12647,12235,,0,240
,3195,12235,,0,240
,2738,3428,,2,300
,11806,11808,,0,240
,3533,8032,,0,240
,11124,6019,,0,240
,2428,2479,,2,300
,10967,213,,0,240
,12054,10823,,0,240
,11243,11707,,2,300
,8752,11095,,2,300
,8573,8573,,0,240
,4384,4384,,0,240
,6987,9849,,2,360
,7719,10310,,2,420
,9067,178,,0,240
,96,11616,,0,240
,5148,5148,,0,240
,1061,1544,,0,240
,6462,5644,,0,240
,11387,13077,,2,360
,6340,6195,,2,300
,5700,5464,,0,240
,12951,12902,,0,240
,77,11616,,0,240
,8680,10021,,0,240
,8735,8853,,0,240
,5693,5737,,0,240
,9570,6675,,0,240
,3628,3628,,0,240
,7827,8029,,0,240
,232,11529,,2,300
,11606,11589,,0,240
,11280,1586,,2,300
,3067,3394,,0,240
,11616,77,,0,240
,3624,2189,,0,240
,8751,8674,,2,300
,8659,8680,,0,240
,12498,8024,,2,120
,2326,1444,,0,240
,2821,11697,,2,360
,11279,12764,,2,300
,11032,11998,,0,240
,5667,5122,,0,240
,7469,6736,,2,120
,2156,9103,,2,300
,1198,666,,0,240
,5954,5803,,0,240
,7768,8028,,2,120
,40,35,,2,300
,78,8038,,2,540
,81,81,,2,180
,8689,8691,,0,240
,35,8078,,2,300
,11357,12548,,2,300
,1130,12667,,2,300
,2671,8068,,2,300
,11759,10961,,2,360
,6149,6219,,0,240
,8676,12147,,0,240
,2252,10929,,0,240
,6120,6107,,0,240
,26,11542,,0,240
,6051,11075,,0,240
,12320,12230,,0,240
,2110,1754,,2,360
,6475,6475,,0,240
,12873,7025,,2,360
,859,859,,0,240
,8367,8412,,2,300
,11122,5623,,0,240
,5719,5037,,0,240
,7475,7464,,2,360
,2696,2688,,0,240
,8035,10553,,2,480
,3927,12234,,0,240
,2120,1143,,2,300
,8055,6458,,0,240
,2892,11307,,0,240
,12363,12600,,0,240
,2264,11204,,0,240
,9129,8076,,2,360
,11799,11805,,0,240
,9303,9303,,0,240
,689,728,,0,240
,1561,1561,,0,240
,4065,4371,,0,240
,11526,11441,,2,360
,9849,6969,,2,420
,1086,1570,,0,240
,12393,8071,,0,240
,6068,6479,,0,240
,10888,10885,,0,240
,12260,6103,,2,300
,12681,76,,2,300
,4243,4514,,0,240
,10360,11276,,2,300
,4972,4972,,0,240
,11882,10881,,0,240
,10865,4471,,0,240
,8563,8070,,0,240
,3826,3903,,2,420
,2860,2951,,2,360
,11874,12567,,2,300
,2390,2390,,0,240
,793,11010,,0,240
,1808,1808,,0,240
,7095,7214,,0,240
,9307,13039,,2,300
,5845,9926,,2,300
,12822,12749,,2,360
,11088,11278,,2,300
,5464,5464,,0,240
,483,419,,0,240
,3443,8818,,2,300
,963,8139,,0,240
,361,361,,0,240
,5844,5862,,0,240
,2057,863,,0,240
,8755,12147,,0,240
,3244,3154,,2,300
,5628,5629,,0,240
,2263,1442,,0,240
,3881,3852,,0,240
,5585,6464,,0,240
,9023,11075,,0,240
,13013,5542,,0,240
,7658,8029,,2,120
,1580,847,,0,240
,4887,542,,0,240
,5805,5288,,0,240
,2095,12172,,2,300
,5675,5117,,0,240
,12647,3195,,0,240
,8860,8761,,0,240
,4882,12036,,2,480
,6479,6006,,2,300
,11275,11337,,2,360
,2000,1218,,0,240
,5667,6456,,0,240
,8754,8073,,2,360
,81,80,,2,360
,12535,12535,,0,240
,12332,11940,,0,240
,6951,6951,,0,240
,1679,2028,,0,240
,667,702,,0,240
,12655,10890,,0,240
,10880,10881,,0,240
,12764,11352,,2,300
,669,668,,0,240
,11438,859,,2,360
,6019,11124,,2,300
,12210,12228,,0,240
,8761,11095,,2,300
,8823,7023,,0,240
,10958,10961,,2,300
,2414,8049,,2,300
,11794,1614,,2,420
,7259,12173,,0,240
,6068,6006,,2,300
,8035,11303,,2,480
,6094,6094,,0,240
,7719,10299,,2,420
,5244,4939,,0,240
,35,938,,2,300
,2941,2928,,0,240
,76,76,,0,240
,7302,7302,,0,240
,5464,11860,,0,240
,13013,8854,,0,240
,10819,4750,,0,240
,8035,11441,,2,480
,2227,7025,,2,300
,5364,5342,,0,240
,12693,10865,,0,240
,6174,6088,,2,300
,9929,5845,,2,300
,317,361,,0,240
,8023,7650,,0,240
,21,10470,,2,360
,392,202,,2,300
,13007,11292,,2,300
,4949,5074,,0,240
,6841,6840,,2,300
,11827,11827,,0,240
,4054,4016,,0,240
,1617,1190,,0,240
,1410,9125,,0,240
,301,12625,,2,300
,218,545,,2,360
,5093,4917,,2,420
,5638,5505,,2,300
,6634,6603,,2,300
,8019,96,,2,540
,5793,8057,,0,240
,11022,793,,0,240
14862556,5007,5007,14862533,4,0
,6999,6951,,0,240
,1231,11589,,0,240
,9989,2023,,0,240
,3242,12209,,2,300
,3904,7643,,0,240
,695,12556,,2,300
,11014,463,,2,300
,11860,5593,,0,240
,10880,6467,,0,240
,3608,10068,,2,420
,1857,983,,0,240
,11712,11710,,0,240
,3385,8031,,2,120
,8054,2354,,0,240
,2338,2355,,2,300
,972,8044,,2,300
,10349,10349,,0,240
,12168,744,,2,300
,1091,8762,,2,300
,5262,8060,,0,240
,10189,10189,,0,240
,6078,5596,,2,300
,12666,1648,,2,300
,5708,5641,,0,240
,3195,7643,,0,240
,6230,6230,,0,240
,9944,4429,,2,300
,3533,8021,,0,240
,955,678,,2,300
,11788,11268,,0,240
,12975,160,,2,300
,3589,3371,,0,240
,11911,1429,,0,240
,11588,8073,,0,240
,11253,11268,,0,240
,5252,7639,,0,240
,450,449,,2,360
,8854,6174,,0,240
,5777,5761,,0,240
,6455,5230,,0,240
,5494,5769,,0,240
,231,11529,,2,300
,13007,11388,,2,300
,11674,8070,,0,240
,7714,7672,,2,300
,5365,5341,,0,240
,5547,5547,,0,240
,12395,6095,,2,300
,5467,5697,,2,360
,11278,12764,,2,360
,4882,9112,,2,300
,1643,1659,,0,240
,8283,8282,,2,480
,7468,6736,,0,240
,678,737,,0,240
,9441,9441,,0,240
,5615,4933,,0,240
,6823,9562,,0,240
,1692,1546,,0,240
,6483,6483,,0,240
,10885,10886,,0,240
,13037,3723,,2,480
,202,392,,2,300
,4882,11524,,2,360
,12556,8072,,2,300
,2323,11906,,0,240
,6661,6781,,0,240
,6921,6741,,0,240
,12242,12242,,0,240
,4939,4845,,0,240
,4925,5567,,0,240
,6146,6146,,0,240
,7643,3394,,0,240
,2039,1320,,0,240
,11286,11251,,0,240
,9136,329,,2,300
,10865,12693,,0,240
,10399,4881,,2,300
,1108,1596,,0,240
,11137,5961,,0,240
,7207,7095,,0,240
,12231,10860,,0,240
,11876,12963,,2,300
,8047,1685,,0,240
,1809,1852,,0,240
,5218,6728,,0,240
,3080,3041,,0,240
,2261,2648,,0,240
,8690,8746,,0,240
,2477,10429,,0,240
,10947,4656,,2,420
,11243,13096,,2,300
,963,2742,,2,300
,2101,7001,,0,240
,911,1721,,0,240
,10814,10352,,0,240
,179,10352,,0,240
,6802,6566,,0,240
,3613,3133,,2,300
,2663,2663,,0,240
,7171,7171,,0,240
,12362,12600,,0,240
,11534,10591,,2,300
,11798,11805,,0,240
,8854,5436,,0,240
,5844,5844,,0,240
,1863,9043,,0,240
,10947,4491,,0,240
,8754,11606,,2,300
,10887,10885,,0,240
,1198,704,,0,240
,12267,3331,,2,300
,5068,5024,,2,300
,2004,1838,,0,240
,11132,5683,,0,240
,6103,6103,,0,240
,6725,6921,,0,240
,4494,11638,,2,420
,12548,11088,,2,300
,6736,7469,,2,120
,12791,331,,2,300
,5494,11882,,0,240
,1355,1151,,0,240
,7828,7662,,2,300
,5596,5591,,0,240
,12945,5557,,2,360
,11623,669,,0,240
,1638,1664,,2,300
14847933,8683,8683,14846912,4,0
,6730,6734,,2,360
,12444,7861,,2,300
,1336,1336,,0,240
,3155,12209,,0,240
,2717,2414,,2,120
,7635,5216,,0,240
,9961,4928,,0,240
,255,155,,0,240
14877438,7602,7602,14877432,4,0
,11119,12026,,2,480
,6805,9560,,0,240
,7460,7460,,0,240
,35,189,,2,360
,213,10967,,2,360
,963,8140,,0,240
,12984,1885,,2,300
,2355,2355,,0,240
,404,1959,,2,300
,8750,11874,,0,240
,7468,7469,,0,240
14906053,3721,3721,14853160,4,0
,6214,6154,,0,240
,5456,5456,,0,240
,12227,8672,,0,240
,5668,10880,,0,240
,8676,8691,,0,240
,6362,6335,,0,240
,10880,5494,,2,120
,3904,8021,,2,120
,8059,5042,,0,240
,4845,6080,,0,240
,10400,96,,2,360
,8679,8748,,0,240
,341,1589,,2,300
,251,11500,,0,240
,8037,4568,,2,120
,11697,8759,,2,540
,12393,1065,,0,240
,4659,11676,,2,360
,1683,1137,,0,240
,5285,5410,,0,240
,5298,13044,,2,300
,5548,5431,,2,360
,5119,5119,,0,240
,2264,2325,,0,240
,81,11646,,2,540
,9397,9397,,0,240
,96,11441,,2,360
,5509,5700,,0,240
,1709,963,,0,240
,1079,659,,0,240
,11408,11579,,2,420
,3385,3816,,0,240
,2648,2328,,0,240
,5756,5797,,0,240
,774,1977,,0,240
,11628,5015,,2,480
,1615,8046,,0,240
,3898,3878,,2,360
,6781,6781,,0,240
,12363,11793,,2,300
,5891,8060,,0,240
,276,277,,2,480
,3694,3694,,0,240
,11710,11713,,0,240
,8045,695,,0,240
,12626,1907,,0,240
,702,702,,0,240
,1692,1567,,0,240
,6303,6256,,0,240
,11697,1401,,2,540
,5553,6080,,0,240
,6466,6194,,0,240
,10644,11593,,0,240
,12655,10885,,0,240
,409,31,,2,300
,4568,4568,,2,120
,7166,12173,,2,300
,10701,6039,,2,360
,11248,11288,,0,240
,12036,859,,2,420
,12794,4962,,2,300
,8139,1709,,0,240
,4962,12794,,2,300
,826,11262,,2,300
,8575,8573,,0,240
,2943,8699,,2,300
,10914,10914,,0,240
14846893,8697,8697,14847895,4,0
,2836,2836,,0,240
,6646,9564,,0,240
,11589,8073,,0,240
,5431,5431,,0,240
,3155,3155,,0,240
,6174,6340,,2,300
,5623,5583,,0,240
,5252,5890,,0,240
,6357,6172,,0,240
,3536,2646,,0,240
,5761,5761,,0,240
,10316,10893,,2,300
,959,12867,,2,300
,3273,3273,,0,240
,1018,869,,0,240
,10619,10619,,0,240
,5815,5815,,0,240
,7768,7768,,0,240
,10890,10892,,0,240
,3900,10141,,0,240
,11592,5826,,0,240
,10336,10339,,0,240
,11349,10745,,0,240
,4939,5230,,0,240
,11407,10592,,0,240
,11276,10360,,2,300
,8019,10553,,2,480
,4459,4242,,0,240
,12666,12666,,0,240
,10148,12478,,2,300
,1575,1152,,0,240
,7259,5352,,0,240
,12716,12717,,0,240
,11204,2264,,0,240
,11287,11251,,0,240
,4391,4065,,0,240
,2062,1120,,2,300
,12230,10860,,0,240
,5991,5991,,0,240
,6467,5122,,0,240
,3195,8021,,2,120
,5528,5528,,0,240
,176,887,,2,300
,12026,10467,,2,360
,12242,12233,,2,300
,11490,5813,,0,240
,8691,8746,,0,240
,4494,8041,,2,480
,199,860,,2,300
,11701,5059,,2,360
,11288,11256,,0,240
,584,405,,0,240
,10890,10886,,0,240
,11323,1743,,0,240
,4461,10947,,0,240
,5615,4925,,0,240
,4191,4191,,0,240
,5890,6458,,0,240
,235,8043,,0,240
,11697,12963,,2,600
,7166,7207,,0,240
14869142,6298,6298,14869112,4,0
,10812,12974,,2,300
,10886,10885,,0,240
,6783,6766,,0,240
,3334,3204,,0,240
,11256,11289,,0,240
,6472,6472,,0,240
,5700,11860,,0,240
,1016,985,,2,300
,2054,758,,0,240
,8350,3386,,2,480
,5093,6455,,0,240
,11876,12567,,2,300
,1143,2120,,2,300
,13077,11292,,2,300
,7743,7658,,0,240
,3204,3334,,0,240
,2799,2630,,0,240
,8673,8743,,2,360
,8039,35,,2,360
,4830,12696,,2,300
,12949,5593,,0,240
,80,10591,,2,360
,2860,2955,,2,300
,11957,11949,,0,240
,12944,5557,,2,300
,6753,11294,,2,300
,7446,7493,,0,240
,1832,1832,,0,240
,5743,5593,,0,240
,8062,10948,,0,240
,6489,6858,,0,240
,6874,9577,,0,240
,8037,4242,,0,240
,9543,9543,,0,240
,5216,7468,,0,240
,4568,10866,,2,120
,1258,2035,,0,240
,10819,4722,,0,240
,5745,5792,,2,300
,11021,463,,0,240
,12668,797,,2,300
,12395,6133,,2,300
,181,8043,,0,240
,317,317,,0,240
,10429,2630,,0,240
,1709,1387,,0,240
,10692,10251,,2,300
,3825,3064,,2,420
,11664,5815,,2,300
,857,176,,2,360
,1143,887,,0,240
,12873,1327,,2,480
,2741,2741,,0,240
,5122,10881,,0,240
,9069,189,,2,420
,1393,12827,,2,300
,11588,8916,,0,240
,12212,12228,,0,240
,12464,12464,,0,240
,5700,5700,,0,240
,5543,5543,,0,240
,12063,12065,,2,300
,3769,3394,,0,240
,744,1907,,2,300
,460,1589,,0,240
,6088,6174,,2,360
,11523,11273,,2,300
,1,639,,2,300
,11707,13096,,2,300
,11674,1685,,2,300
,8412,12947,,0,240
,6081,4936,,2,300
,10310,7719,,2,420
,11274,10468,,2,420
,10628,10258,,2,300
,1980,758,,0,240
,2323,11909,,0,240
,11682,1442,,0,240
,9564,6590,,0,240
,898,690,,0,240
,12020,12231,,0,240
,12318,963,,0,240
,11629,5015,,2,480
,1971,1120,,0,240
,176,2120,,0,240
,12336,1170,,2,480
,666,704,,0,240
,8763,1231,,2,300
,8073,8763,,2,360
,10745,11349,,0,240
,11267,11289,,0,240
,3315,12267,,2,300
,2742,1482,,0,240
,758,2054,,2,300
,12953,12898,,0,240
,6080,5553,,2,120
,1996,1343,,0,240
,3719,3719,,2,120
,7259,7095,,0,240
,7639,5890,,0,240
,3906,7643,,0,240
,8077,9112,,2,420
,1596,1108,,0,240
,11706,12535,,2,360
,5768,8060,,0,240
,8029,7743,,2,120
,4061,4061,,0,240
,6778,6778,,0,240
,6969,9849,,2,480
,12695,5042,,0,240
,6194,10437,,0,240
,11074,5456,,0,240
,9306,10199,,0,240
,12210,12209,,0,240
,1337,12873,,2,540
,12427,12427,,0,240
,11876,11697,,2,300
,6753,13096,,2,300
,5768,8057,,2,300
,7591,7635,,0,240
,8750,11697,,2,720
,1583,248,,0,240
,2764,2613,,0,240
,2971,2928,,0,240
,6095,12395,,2,300
,5093,5553,,2,120
,5494,6467,,0,240
,11023,1105,,0,240
,9178,12264,,0,240
,4018,10882,,2,300
,11305,11305,,0,240
,12437,7108,,2,300
,10564,8573,,0,240
,11243,11247,,2,300
,8886,3373,,0,240
,8762,1091,,2,300
,4647,4647,,0,240
,6691,9570,,0,240
,7166,7214,,0,240
,11295,12717,,2,300
,6512,12717,,2,300
,10034,9952,,2,360
,1641,2010,,2,300
,6991,6991,,0,240
,5441,5535,,0,240
,6470,6068,,0,240
,10745,994,,0,240
,8683,8758,,2,300
,5244,5553,,0,240
,5025,5025,,0,240
,234,234,,0,240
,10819,12054,,0,240
,11704,6088,,2,360
,7259,7207,,0,240
,2417,2417,,0,240
,6312,6247,,0,240
,5140,5072,,0,240
,97,97,,0,240
,2434,2430,,2,300
,11535,8076,,2,360
,12444,7703,,2,300
,12581,11534,,2,300
,12815,12815,,0,240
,6139,6174,,0,240
,3204,12234,,0,240
,1231,8754,,2,300
,7639,8062,,0,240
,10914,8055,,0,240
,12395,9062,,2,300
,5055,5656,,0,240
,8750,12567,,2,300
,7643,3904,,0,240
,12647,3334,,0,240
,5122,6456,,0,240
,3055,3065,,2,300
,77,11526,,0,240
,3975,3198,,0,240
,1442,1442,,0,240
,11718,8053,,0,240
,10914,6458,,0,240
,1576,1354,,0,240
,3023,2799,,0,240
,12188,7347,,2,300
,12360,12600,,2,300
,706,11009,,0,240
,5561,5583,,0,240
,3204,8021,,0,240
,6467,5494,,2,120
,1592,9124,,0,240
,1530,248,,0,240
,5069,5250,,2,300
,10885,10885,,0,240
,12793,10886,,0,240
,3594,3515,,2,420
,908,2123,,0,240
,12227,8746,,0,240
,78,11441,,2,360
,96,11303,,2,360
,10018,10017,,2,300
,5066,5066,,0,240
,6174,8854,,0,240
,7106,12437,,2,360
,6486,11208,,0,240
,2523,8049,,2,300
,6195,6195,,0,240
,6217,6217,,0,240
,3872,7742,,2,420
,1401,11876,,2,420
,5077,11629,,2,480
,1312,11011,,0,240
,1801,8563,,0,240
,415,12330,,2,300
,5583,5583,,0,240
,3151,11307,,2,360
,4830,4830,,0,240
,1430,11682,,2,300
,12794,4972,,0,240
,5938,5935,,2,300
,3067,3334,,0,240
,11639,4463,,2,360
,774,774,,0,240
,3779,8031,,2,120
,10764,10823,,0,240
,3769,3195,,0,240
,9701,9665,,0,240
,1173,2671,,2,120
,10889,10892,,0,240
,10881,5769,,0,240
14832013,26,26,14829890,4,0
,924,1301,,0,240
,7200,8936,,0,240
,13043,195,,2,300
14833325,11260,11260,14840293,4,0
,10017,8697,,2,360
,524,696,,0,240
,10882,10879,,0,240
,77,11303,,2,360
,3204,3195,,0,240
,11592,5288,,2,360
,9129,11273,,2,360
,5045,8057,,0,240
,11707,11247,,2,300
,5009,5004,,2,300
,78,95,,0,240
,524,185,,2,360
,4568,4242,,0,240
,13007,11293,,2,300
,5596,5596,,0,240
,5542,6174,,0,240
,3906,8021,,2,120
,7493,7446,,0,240
,9452,5918,,0,240
,1039,1596,,0,240
,5665,5665,,0,240
,1522,341,,0,240
,11264,9296,,2,300
,8689,8672,,0,240
,5743,5464,,0,240
,11337,11311,,2,300
,12036,10399,,0,240
,6467,6456,,0,240
,11076,6051,,0,240
,12036,12036,,2,120
,8024,7658,,2,120
14854912,9245,9245,14854922,4,0
,6563,6858,,0,240
,11522,11273,,2,300
,337,11014,,0,240
,8747,10034,,0,240
,238,177,,2,300
,10017,8683,,2,300
,8035,188,,2,480
,1530,169,,0,240
,12228,3155,,0,240
,11275,10468,,2,420
,12332,8020,,2,120
,939,11638,,2,360
,11535,985,,0,240
,4371,10827,,2,300
,12322,12234,,0,240
,6354,6167,,2,300
,718,718,,0,240
,13106,358,,0,240
,11429,12348,,0,240
,8368,12947,,2,360
,3108,2959,,0,240
,13052,5776,,2,300
,12361,11793,,2,300
,11266,11289,,0,240
,666,665,,0,240
,4495,96,,2,420
,12952,12898,,0,240
,5467,5637,,2,300
,7639,5148,,2,120
,11716,11713,,0,240
14853102,3847,3847,14852919,4,0
,4242,4471,,2,120
,3927,8021,,2,120
,11808,11805,,0,240
,5769,8060,,2,300
,13052,5762,,0,240
,6675,9570,,0,240
,10429,8066,,0,240
,4711,8467,,0,240
,9505,8673,,0,240
,76,13039,,2,540
,12211,12209,,0,240
,7001,2101,,0,240
,5861,9926,,2,300
,6682,6535,,2,360
,7737,7737,,0,240
,5769,8057,,2,300
,9291,9293,,2,360
,10673,10643,,0,240
,6808,6587,,0,240
,8577,8573,,0,240
,2203,8052,,0,240
,5844,10884,,0,240
,7100,5336,,2,300
,5218,5242,,2,360
,3067,3204,,0,240
,3077,3077,,0,240
,8683,8749,,2,300
,11088,11352,,2,300
,7172,7086,,0,240
,11250,11268,,0,240
,11535,189,,2,420
,12816,286,,2,360
,11277,10360,,2,300
,9574,6675,,0,240
,10703,10736,,2,300
,1401,8759,,2,300
,7140,12437,,0,240
,8050,10202,,0,240
,3533,3904,,0,240
,5345,5360,,0,240
,1444,2326,,0,240
,11674,8047,,0,240
,11288,11289,,0,240
,6768,8483,,2,480
,2881,8710,,2,120
,10892,10892,,0,240
,6139,13013,,0,240
,8747,8747,,2,60
,8073,11589,,2,300
,11583,11583,,0,240
,7645,11962,,2,540
,8674,8760,,2,300
,2761,2414,,2,120
,5918,9452,,0,240
,3943,9179,,0,240
,981,981,,0,240
,3204,8032,,2,120
,12794,4961,,2,300
,7450,7450,,0,240
,5350,5350,,0,240
,6095,6133,,2,300
,7073,8928,,2,300
,6648,6808,,0,240
,5514,5514,,0,240
,11354,12975,,2,360
,1197,1156,,2,360
,7150,5360,,2,360
,9365,3842,,0,240
,1996,1320,,0,240
,12693,10866,,0,240
,5670,5664,,0,240
,5659,5127,,0,240
,8683,10018,,0,240
,12240,12233,,2,300
,3903,9380,,2,420
,6458,7639,,0,240
,12066,12064,,2,300
,8690,8687,,0,240
,6881,6599,,2,360
,5793,5769,,0,240
,12318,1709,,0,240
,35,95,,2,480
,569,11113,,2,300
,8535,12681,,2,300
,4846,4917,,2,300
,5797,5797,,0,240
,2630,8066,,0,240
,45,30,,0,240
,6088,6139,,0,240
,12232,12241,,0,240
,1668,1633,,2,300
,709,1254,,0,240
,1211,2225,,2,360
,8060,10880,,0,240
,1361,924,,0,240
,234,10478,,2,300
,7468,5216,,0,240
,2640,2646,,0,240
,3944,3964,,2,180
,8657,8672,,0,240
,7117,10874,,2,300
,8622,2120,,2,360
,6637,6881,,2,300
,2523,8068,,2,300
,7650,11559,,2,300
,7827,8024,,0,240
,12358,11793,,2,300
,1153,1153,,0,240
,8750,12963,,2,360
,5690,5644,,0,240
,8763,8916,,2,300
,10967,548,,2,360
,8685,8687,,0,240
,7745,12636,,2,300
,12949,11858,,0,240
,11942,12020,,0,240
,3133,3133,,0,240
,2032,1824,,0,240
,1685,8563,,0,240
,3695,9397,,0,240
,11500,165,,0,240
,10921,8070,,0,240
,5743,11858,,0,240
,1286,8074,,2,360
,1736,10921,,2,300
,11739,12386,,2,300
,11243,12717,,2,300
,12410,2717,,2,300
,12481,7865,,2,360
,3064,3825,,2,360
,160,12975,,2,300
,942,11529,,2,360
,5708,5693,,2,300
,8659,8757,,0,240
,718,797,,0,240
,6727,6727,,0,240
,10888,10892,,0,240
,10880,5769,,0,240
,10890,12793,,0,240
,9307,76,,0,240
,11707,6753,,0,240
,8019,938,,2,420
,405,405,,0,240
,8051,3023,,0,240
,6808,6648,,0,240
,5295,5919,,0,240
,12735,4010,,2,360
,12227,8687,,0,240
,3533,12235,,0,240
,8967,5811,,0,240
,5803,6114,,0,240
,1108,1514,,0,240
,4882,4882,,0,240
,4929,4929,,0,240
,5543,6174,,2,360
,8605,4355,,0,240
,12826,12827,,2,300
,81,8075,,2,420
,859,189,,2,300
,8688,8672,,0,240
,155,12664,,2,300
,7259,7166,,0,240
,6195,6088,,0,240
,5918,11137,,0,240
,10437,6175,,0,240
,4887,4887,,0,240
,12285,11958,,0,240
,6343,6167,,0,240
,3444,8828,,2,300
,11438,8038,,2,480
,10619,782,,0,240
,4471,12693,,0,240
,10892,12793,,0,240
,9062,6133,,0,240
,2491,2491,,0,240
,12022,8033,,2,120
,8680,8757,,0,240
,544,218,,2,300
,10018,8683,,0,240
,2833,8068,,2,300
,5382,12497,,2,300
,3825,3056,,2,360
,11764,5122,,0,240
,3927,3334,,0,240
,1177,2610,,2,480
,8676,8687,,0,240
,8820,3518,,0,240
,5700,5509,,0,240
,1254,12667,,2,300
,10067,10068,,2,300
,4186,4204,,2,300
,12951,12898,,0,240
,7489,7489,,0,240
14829640,639,639,14830115,4,0
,11715,11713,,0,240
,10198,10198,,0,240
,4459,10866,,0,240
,10522,6510,,2,300
,11258,10360,,0,240
,7076,8945,,0,240
,9129,11524,,2,120
,77,12036,,0,240
,463,11021,,2,300
,8051,10429,,0,240
,1175,1171,,2,300
,12134,797,,0,240
,5756,11135,,0,240
,5042,12155,,0,240
,10947,11866,,0,240
,8044,8763,,2,360
,10145,10145,,0,240
,5509,6077,,0,240
,3731,3815,,2,300
,55,55,,0,240
,12212,12209,,0,240
,11260,11227,,2,420
,11716,11710,,0,240
,11204,2445,,2,240
,10163,5404,,2,420
,5252,8062,,0,240
,8759,11878,,2,420
,4567,4427,,2,360
,569,59,,2,300
,1482,1482,,0,240
,10188,10188,,0,240
,4319,4319,,0,240
,44,4496,,2,300
,3478,3822,,0,240
,3624,2646,,0,240
,10972,10034,,0,240
,11718,11719,,0,240
,12386,11739,,0,240
,8755,8746,,2,120
,13054,11204,,0,240
,2791,2807,,0,240
,8978,8063,,0,240
,4347,4347,,0,240
,301,744,,0,240
,6089,5431,,2,360
,2869,2869,,0,240
,5288,11592,,2,360
,11438,11616,,2,360
,8073,972,,2,300
14874020,11255,11255,14873989,4,0
,40,8034,,2,480
,11788,11288,,0,240
,8750,1401,,2,360
,8644,1423,,0,240
,341,1522,,2,300
,12586,11282,,2,300
,10199,9306,,0,240
,6992,1334,,2,480
,2338,2354,,2,180
,1016,12535,,2,120
,3053,8032,,2,60
,3779,3822,,0,240
,5538,5538,,0,240
,3769,12235,,0,240
,1482,2742,,0,240
,287,202,,2,300
,8535,9112,,2,300
,6753,11247,,0,240
,1877,1873,,0,240
,1519,9124,,0,240
,2120,12749,,2,300
,6195,6340,,2,300
,5336,6472,,2,480
,11706,11535,,2,120
,8057,6467,,0,240
14877888,10744,10744,14877902,4,0
,5805,5287,,0,240
,11227,11221,,0,240
,4569,4403,,2,300
,4882,11273,,2,360
,9294,9294,,0,240
,8691,8687,,0,240
,8561,8578,,0,240
,8033,11940,,2,120
,6475,10199,,0,240
,44,30,,2,300
,12233,12241,,0,240
,4568,10865,,0,240
,114,12958,,0,240
,5975,13047,,2,120
,8071,1832,,0,240
,8022,3385,,0,240
,9530,318,,0,240
,1648,1186,,0,240
,4674,4674,,0,240
,1801,8047,,0,240
,11876,11876,,0,240
,8747,10971,,0,240
,8763,8913,,2,360
,11279,932,,2,480
,11481,30,,0,240
,8697,8758,,0,240
,5514,5458,,2,300
,1505,310,,0,240
,6153,6215,,0,240
,5230,6455,,0,240
,8622,857,,0,240
,789,1533,,0,240
,6587,6808,,0,240
,12891,718,,2,300
,689,690,,0,240
,2955,3024,,0,240
,7768,12580,,0,240
,11706,4881,,0,240
,10966,548,,2,360
,1312,11007,,0,240
,3130,2869,,2,300
,1685,10921,,2,300
,11943,12020,,0,240
,12972,1875,,0,240
,4120,4141,,2,300
,8697,10018,,2,300
,331,331,,0,240
,4496,12681,,2,420
,1514,1108,,0,240
,4495,1016,,2,300
,6631,8324,,2,360
,12535,1016,,2,120
,12375,12681,,2,360
,12411,2717,,2,300
,423,12866,,0,240
,10199,6475,,2,360
,11114,11318,,2,600
,4427,4567,,2,300
,5428,5428,,0,240
,11613,10144,,2,360
,5557,5557,,0,240
,10328,4756,,2,300
,5703,5741,,2,300
,11909,2323,,0,240
,8975,10554,,2,360
,4391,4218,,2,360
,1659,2023,,0,240
,8053,11719,,0,240
,728,689,,0,240
,9069,11303,,2,300
14867074,13016,13016,14867097,4,0
,12866,11280,,2,300
,8535,11273,,2,540
,8044,972,,2,300
,5543,13013,,2,420
,5628,12945,,2,360
,2540,1168,,0,240
,11542,26,,0,240
,11007,1350,,0,240
,6139,6139,,0,240
,12411,1173,,2,300
,2671,8049,,2,300
,1482,1387,,0,240
,6236,10427,,0,240
,8672,8691,,0,240
,8754,1231,,2,300
,10889,12793,,0,240
,7644,12043,,2,420
,5960,5295,,0,240
,3386,8350,,2,480
,2227,1329,,0,240
,5148,10948,,0,240
,12668,12668,,0,240
,9020,8989,,0,240
,12318,1482,,0,240
,8062,6458,,0,240
,11718,8064,,0,240
,11793,1614,,2,480
,1838,2032,,0,240
,155,11622,,0,240
,5074,4949,,0,240
,5039,5039,,0,240
,5553,4939,,0,240
,3067,7643,,0,240
,8759,11876,,2,360
,11704,8854,,0,240
,10352,179,,0,240
,7643,3204,,0,240
,5693,5708,,2,300
,5374,5374,,0,240
,5244,4845,,0,240
,12950,12898,,0,240
,9505,8760,,2,300
,11714,11713,,0,240
,7777,12580,,0,240
,5025,11127,,2,300
,8763,8073,,2,360
,902,1054,,2,300
,12207,12206,,2,360
,1801,11674,,0,240
,6725,6942,,0,240
,5837,5661,,0,240
,3041,3041,,0,240
,6753,11707,,0,240
,12948,9112,,2,300
,5252,10948,,0,240
,6139,5436,,0,240
,12318,2742,,0,240
,7827,7727,,0,240
,1457,1457,,0,240
,5072,5140,,0,240
,4459,12693,,0,240
,5937,5792,,2,360
,2326,1429,,0,240
,78,8034,,2,480
,10971,10034,,2,300
,9136,12721,,0,240
,122,1510,,2,300
,12022,12020,,0,240
,378,12625,,2,360
,1076,1075,,0,240
,906,8752,,2,360
,1190,1617,,0,240
,6888,6508,,2,300
,1838,2004,,0,240
,7106,7140,,2,300
,2021,2021,,0,240
,6753,12716,,0,240
,5890,8062,,0,240
,12891,717,,0,240
,235,8074,,0,240
,2051,11285,,2,300
,5381,5381,,0,240
,11258,11260,,0,240
,110,569,,0,240
,9562,8617,,2,300
,3661,3628,,0,240
,195,13043,,2,300
,4448,4448,,0,240
,11559,7650,,2,360
,10882,10882,,0,240
,1276,122,,2,300
,4881,4881,,0,240
,4494,8076,,2,480
,1586,423,,0,240
,11272,12535,,2,360
,8762,8907,,0,240
,151,12974,,0,240
,5553,4845,,0,240
,12693,4459,,0,240
,193,193,,0,240
,3220,3178,,0,240
,5077,11628,,2,480
,4055,4016,,2,360
,11246,11268,,0,240
,12693,8036,,0,240
,5148,5252,,0,240
,2523,2717,,0,240
,8040,76,,2,420
,8703,9511,,2,360
,5631,5631,,0,240
,11438,11303,,2,300
,5820,5811,,0,240
,1404,1555,,0,240
,11645,4463,,2,300
,97,10399,,2,180
,11606,1231,,0,240
,2646,2646,,0,240
,6908,6648,,0,240
,11278,932,,2,480
,12233,3207,,2,360
,11764,5769,,0,240
,1244,512,,2,600
,10892,10888,,0,240
,4398,4324,,0,240
,11664,11664,,2,120
,1641,1641,,0,240
,7591,7468,,0,240
,985,31,,2,420
,4055,4055,,0,240
,650,797,,0,240
,8687,8687,,0,240
,7736,7650,,2,300
,3140,3133,,2,300
,5700,5593,,0,240
,4052,4384,,2,300
,3856,3898,,2,300
,1736,8070,,0,240
,5815,5180,,2,360
,11606,8044,,2,300
,2742,1387,,0,240
,11133,5715,,0,240
,1120,1971,,0,240
,8552,8577,,0,240
,10856,10856,,0,240
,5768,10880,,0,240
,1866,1885,,0,240
,3927,12235,,0,240
,8535,12375,,2,300
,6073,11124,,0,240
,2513,3628,,0,240
,2917,3024,,0,240
,2345,3619,,0,240
,5029,5029,,0,240
,8041,1016,,2,360
,2692,10429,,2,120
,10880,5122,,0,240
,56,114,,0,240
,8040,9112,,2,420
,1563,1550,,0,240
,5542,13013,,2,300
,4360,9651,,2,360
,10972,10972,,0,240
,3053,3904,,0,240
,44,9112,,2,300
,12410,1173,,2,300
,5285,5285,,0,240
,4228,10879,,2,300
,12901,12956,,0,240
,11876,11874,,2,300
,5591,5596,,2,300
,8755,8691,,0,240
,11909,2266,,0,240
,12556,8045,,0,240
,11522,193,,0,240
14855364,3918,3918,14855391,4,0
,10888,12793,,0,240
,10747,9435,,2,300
,4419,4346,,2,480
,7086,7086,,0,240
,12902,12951,,0,240
,585,585,,0,240
,1387,1709,,0,240
,1170,1172,,2,480
,5275,5275,,0,240
,676,497,,2,300
,1340,1340,,0,240
,11123,6073,,0,240
,3277,3277,,0,240
,11792,1614,,2,480
,1362,10375,,2,480
,6733,6733,,0,240
,5641,5737,,2,300
,789,1580,,0,240
,12655,10886,,0,240
,10021,8679,,2,480
,5667,8060,,0,240
,9069,35,,2,300
,230,10976,,2,300
,5678,5055,,0,240
,5148,6458,,0,240
,659,1130,,0,240
,5045,11882,,0,240
14900156,12381,12381,14900157,4,0
,8755,8672,,0,240
,7639,7639,,0,240
,2414,8068,,2,300
,6736,5216,,2,120
,1160,1187,,0,240
,13069,13069,,0,240
,1218,2035,,0,240
,397,1379,,0,240
,9562,6823,,0,240
,1116,12632,,2,300
,3801,3973,,0,240
,4660,4491,,0,240
,8690,12147,,0,240
,4301,4301,,0,240
,5410,6113,,0,240
,2478,2478,,0,240
,8907,8753,,0,240
,11229,3904,,0,240
,5122,6467,,0,240
,189,8034,,2,480
,4962,4972,,0,240
,11393,11470,,2,360
,8763,11606,,2,300
,10159,5854,,0,240
,8820,8847,,0,240
,5769,6456,,0,240
,11714,11710,,2,300
,8751,9505,,2,300
,7102,6475,,0,240
,989,12693,,0,240
,7629,7576,,0,240
,8025,12580,,2,120
,9292,9293,,0,240
,11674,8563,,0,240
,3067,8032,,2,120
,60,322,,2,300
,8676,8672,,0,240
,4212,4204,,0,240
,6000,5593,,0,240
,5244,5230,,0,240
,359,13106,,0,240
,938,859,,0,240
,6578,8490,,0,240
,2325,13054,,0,240
,11016,56,,0,240
,11247,11247,,0,240
,7591,7469,,2,120
,8756,8747,,0,240
,10253,10258,,2,300
,11277,11260,,2,300
,2397,8065,,0,240
,1187,1186,,0,240
,1308,1576,,0,240
,7468,7635,,0,240
,10468,11310,,2,360
,8066,2799,,0,240
,8642,8642,,0,240
,3825,3869,,2,420
,9452,5961,,0,240
,8674,9505,,0,240
,5093,5230,,0,240
,12900,12955,,0,240
,8040,31,,2,360
,1130,1254,,0,240
,2225,1266,,2,360
,9061,1892,,2,300
,7643,12234,,0,240
,11243,12716,,2,300
,4228,4228,,0,240
,3053,12235,,0,240
,6661,11932,,0,240
,5148,7639,,0,240
,847,1533,,0,240
,690,689,,0,240
,5067,5067,,0,240
,8064,11765,,0,240
,10835,9299,,0,240
,5961,9452,,0,240
,8680,8659,,2,120
,8542,11128,,0,240
,8535,8040,,2,300
,4611,8638,,0,240
,7503,7503,,0,240
,8854,6139,,0,240
,11221,11221,,0,240
,761,12669,,2,300
,1570,1061,,0,240
,9714,9714,,0,240
,972,8073,,2,300
,5601,6464,,0,240
,10399,985,,2,480
,663,11009,,0,240
,1231,11588,,0,240
,11009,663,,0,240
,2000,1258,,0,240
,3535,8052,,0,240
,7102,9306,,0,240
,12939,4845,,2,420
,8045,1572,,0,240
,4242,12693,,0,240
,8756,9952,,0,240
,3904,3904,,0,240
,11874,11876,,2,300
,35,8034,,2,480
,8573,8577,,0,240
,12232,3207,,2,360
,3518,3410,,0,240
,5667,6467,,0,240
,10891,10888,,0,240
,11253,11289,,0,240
,1877,1877,,0,240
,11253,11256,,0,240
,10648,10648,,0,240
,6068,6470,,0,240
,6305,6305,,0,240
,8854,5543,,2,360
,1276,1510,,2,300
,11588,8044,,0,240
,7804,12636,,2,300
,12205,6734,,2,300
14852300,3810,3810,14852255,4,0
,11941,12020,,0,240
,6204,6204,,0,240
,5052,5725,,0,240
,12900,12902,,0,240
,6971,6971,,0,240
,11229,12235,,0,240
,9291,11126,,0,240
,5311,5311,,0,240
,12816,317,,2,300
,6086,2409,,0,240
,4568,8036,,2,120
,10884,10884,,0,240
,10374,10196,,2,300
,8041,12535,,2,480
,11949,11949,,0,240
,1147,785,,2,360
,12956,12952,,0,240
,1461,2553,,0,240
,1615,1065,,0,240
,7469,6727,,0,240
,5769,10880,,0,240
,13056,5332,,2,300
,6080,6455,,0,240
,59,569,,2,300
,12332,8033,,2,120
,5954,5828,,0,240
,77,985,,2,420
,12655,10888,,0,240
,1307,1202,,2,360
,887,1143,,0,240
,7777,8028,,2,120
,7186,8936,,0,240
,12972,2836,,0,240
,5138,11129,,0,240
,10881,5122,,2,300
,701,669,,0,240
,4045,4045,,0,240
,6578,6483,,2,360
,7851,7851,,0,240
,12516,13056,,2,360
,12064,12065,,2,300
,5509,5593,,0,240
,1592,210,,0,240
,11715,11765,,0,240
,4961,4961,,0,240
,12626,744,,2,300
,1664,1664,,0,240
,12736,4010,,2,360
,1016,190,,2,300
,11204,2325,,2,300
,10339,10336,,0,240
,12900,12956,,0,240
,6174,6173,,2,300
,256,11622,,2,300
,7207,7214,,0,240
,8046,1832,,0,240
,6738,6738,,0,240
,7743,12498,,0,240
,5354,5354,,0,240
,1160,1139,,2,360
,5601,5621,,0,240
,8040,12681,,2,360
,717,12891,,0,240
,11277,11258,,2,300
,12548,11279,,2,360
,4456,4456,,0,240
,887,8622,,2,300
,7654,7732,,2,300
,6467,10880,,0,240
,1580,789,,0,240
,627,12586,,2,360
,11267,11256,,0,240
,7214,5352,,0,240
,5793,6467,,0,240
,202,199,,2,300
14866886,5975,5975,14866891,4,0
,11408,11405,,2,480
,1308,1537,,0,240
,5050,5040,,2,300
,6545,6888,,2,300
,9987,1622,,0,240
,5244,6080,,0,240
,6354,6354,,0,240
,8075,10591,,2,360
,8032,3334,,2,120
,12901,12952,,0,240
,7742,3869,,2,420
,11403,9136,,2,300
,12663,12671,,2,300
,3140,3548,,2,300
,6154,6214,,0,240
,11704,6340,,0,240
,3410,3518,,0,240
,11302,8078,,2,360
,8022,3822,,2,120
,4939,6455,,0,240
,8685,12227,,0,240
,1065,8046,,0,240
,12956,12898,,0,240
,301,1907,,0,240
,3769,12234,,0,240
,6111,6116,,0,240
,6802,11208,,0,240
,3334,3533,,0,240
,317,318,,2,300
,460,1522,,0,240
,11137,5918,,0,240
,11291,8800,,2,420
,8680,8679,,0,240
,2742,2742,,0,240
,5768,6456,,0,240
,11438,8034,,2,420
,8037,10866,,0,240
,11715,11710,,0,240
,9051,1361,,0,240
,10513,12026,,2,360
,2523,12406,,2,300
,7092,7091,,2,360
,8282,6706,,2,300
,4004,11600,,2,360
,3979,3968,,0,240
,78,11535,,2,360
,4073,4114,,0,240
,11606,972,,0,240
,3518,8820,,0,240
,5230,4845,,0,240
,8535,9307,,2,420
,744,646,,2,300
,6174,13013,,0,240
,13043,12669,,2,300
,10360,11277,,2,300
,1858,12826,,2,300
,358,13106,,0,240
,1875,3129,,0,240
,95,8034,,2,540
,4018,10879,,2,300
,4443,4443,,0,240
,5045,5122,,0,240
,10882,4018,,2,300
,11276,11260,,2,300
,10882,4228,,0,240
,2708,10235,,0,240
,7469,7635,,0,240
,6949,6532,,2,300
,11272,11523,,2,300
,8032,7643,,2,120
,1736,11674,,2,300
,12901,12955,,0,240
,6195,5543,,2,300
,6195,13013,,2,420
,1206,850,,2,360
,3842,3842,,0,240
,8754,8044,,2,360
,704,666,,0,240
,3058,3062,,0,240
,8697,10017,,2,300
,11808,11801,,0,240
,8747,10972,,0,240
,7827,12498,,0,240
,13007,12080,,2,300
,3159,13075,,2,180
,63,12869,,0,240
,1173,8068,,2,300
,12952,12956,,0,240
,9099,2170,,0,240
,6730,12207,,2,600
,8759,1401,,2,360
,8077,31,,2,300
,9376,11964,,0,240
,2160,1327,,2,600
,1769,11200,,2,300
,13096,13096,,0,240
,7095,7166,,0,240
,415,10513,,2,360
,4670,4647,,0,240
,1254,1079,,0,240
,6683,8381,,2,360
,9136,9136,,0,240
14833502,678,678,14830380,4,0
,7643,8021,,2,120
,8051,2799,,0,240
,8051,2692,,0,240
,989,10865,,0,240
,11272,4882,,2,420
,12229,3155,,0,240
,10914,10948,,0,240
,11632,256,,0,240
,9658,9658,,0,240
,11535,8038,,2,600
,2917,2860,,2,300
,165,11020,,0,240
,1977,774,,0,240
,5045,5769,,0,240
,713,1347,,0,240
,11764,5494,,2,300
,4463,11645,,2,300
,2639,2261,,0,240
,11524,11524,,0,240
,181,181,,0,240
,10890,10888,,0,240
,779,779,,0,240
,8043,235,,0,240
,5700,5633,,0,240
,11861,5509,,0,240
,9129,12535,,0,240
,11589,8044,,2,300
,4500,4427,,2,420
,12104,10736,,2,360
,10141,10141,,0,240
,12716,11707,,2,300
,2477,8066,,0,240
,3023,10429,,0,240
,1643,9989,,0,240
,7214,7095,,0,240
,195,761,,2,300
,6124,6124,,0,240
,1158,1195,,0,240
,3975,3784,,0,240
,2429,2429,,0,240
,11129,8542,,0,240
,12380,11843,,2,360
,1187,1648,,0,240
,6340,5436,,2,300
,114,114,,0,240
,5891,6467,,0,240
,4471,4568,,0,240
,11247,12717,,2,360
,4164,4138,,2,300
,11354,11283,,2,300
,9567,6874,,0,240
,10067,3608,,2,480
,12974,151,,0,240
,4242,4568,,2,120
,12957,12952,,0,240
,3632,9441,,0,240
,3407,8797,,0,240
,7468,6727,,0,240
,994,10745,,0,240
,12639,12639,,0,240
,2959,3108,,0,240
,5743,5509,,0,240
,4887,405,,2,480
,2959,3117,,0,240
,160,11283,,2,300
,193,30,,2,540
,12952,12955,,0,240
,40,8038,,2,480
,3062,3058,,0,240
,8672,8755,,0,240
,95,189,,2,300
,8757,8659,,0,240
,12548,932,,2,420
,6006,6479,,0,240
,12953,12902,,0,240
,12946,8366,,0,240
,4881,8076,,2,420
,9582,6823,,0,240
,4326,4326,,0,240
,9505,8751,,2,300
,5034,5678,,0,240
,7743,8024,,2,60
,827,2231,,2,360
,10886,12793,,0,240
,2941,2847,,0,240
,4887,584,,2,480
,7658,12498,,0,240
,5021,5140,,0,240
,11311,11337,,2,300
,6215,6280,,2,300
,77,77,,0,240
,1202,1355,,0,240
,7635,6727,,0,240
,12869,63,,0,240
,5494,10880,,0,240
,11706,96,,2,420
,7680,7771,,2,300
,3822,8031,,2,120
,3394,3533,,0,240
,1244,503,,0,240
,12669,13043,,0,240
,8688,8691,,0,240
,9240,3903,,2,420
,10023,2590,,2,300
,3394,12235,,0,240
,10480,8074,,2,300
,972,11606,,2,300
,12713,485,,2,300
,4972,12794,,2,300
,12900,12952,,0,240
,11941,12230,,0,240
,5024,5024,,0,240
,2955,2860,,2,300
,7533,7446,,0,240
,11227,932,,2,420
,12640,12640,,0,240
,1120,2062,,0,240
,8672,8687,,0,240
,5127,5675,,0,240
,8044,11589,,2,300
,6060,5274,,2,300
,8367,12947,,0,240
,994,2051,,0,240
,11221,10360,,2,420
,11269,11289,,0,240
,655,1316,,0,240
,12955,12898,,0,240
,10694,1013,,2,600
,11402,11402,,0,240
,6116,6116,,0,240
,11811,11808,,0,240
,8657,8687,,0,240
,11229,12234,,0,240
,12291,3633,,2,300
,11250,11270,,0,240
,8059,12155,,0,240
,11280,10799,,2,300
,12497,12497,,0,240
,11283,12586,,2,300
,11289,11248,,0,240
,6060,10916,,2,360
,2671,12409,,0,240
,358,358,,0,240
,9174,10141,,0,240
,7357,10554,,2,300
,6174,6174,,0,240
,5435,5435,,0,240
,8041,985,,2,360
,12943,4961,,2,300
,10888,10890,,0,240
,5683,11132,,0,240
,8672,12227,,0,240
,8070,11674,,0,240
,8687,12147,,0,240
,7169,5360,,2,300
,8072,12556,,2,300
,2227,1337,,2,480
,12348,11429,,2,300
,1160,1160,,0,240
,2833,8049,,2,300
,11252,11286,,0,240
,9547,10148,,0,240
,6000,11858,,0,240
,56,11016,,0,240
,10971,8747,,0,240
,9551,1018,,0,240
,3533,3195,,0,240
,6908,6587,,2,300
,11288,11268,,0,240
,6280,6215,,0,240
,5437,5437,,0,240
,8754,11589,,0,240
,12902,12955,,0,240
,10245,2663,,0,240
,3334,3904,,0,240
,2860,2917,,2,360
,10926,1362,,2,480
,3944,9179,,2,300
,110,11113,,0,240
,12667,1254,,2,300
,4960,4960,,0,240
,91,10470,,2,360
,11113,59,,2,300
,11638,10591,,2,420
,5516,6459,,0,240
,12953,12956,,0,240
,10063,10063,,0,240
,313,10968,,2,360
14876719,7192,7192,14876705,4,0
,12138,8038,,2,480
,11799,11810,,0,240
,7635,6736,,0,240
,5723,5119,,0,240
,8759,12963,,2,360
,10468,11274,,2,420
,13013,6139,,2,300
,11712,8053,,0,240
,1031,12631,,2,300
,1846,11587,,2,420
,6174,5543,,2,360
,3906,3904,,0,240
,3816,3822,,0,240
,6874,9576,,2,300
,1337,2160,,2,480
,5262,5122,,0,240
,1379,12869,,2,300
,10893,10316,,2,360
,8575,10564,,0,240
,989,4459,,0,240
,11710,11765,,0,240
,12957,12951,,0,240
,12232,11259,,2,360
,8019,40,,2,480
,11227,12764,,2,360
,7827,7743,,0,240
,2325,2445,,2,240
14879802,9701,9701,14879912,4,0
,4342,4341,,0,240
,842,11010,,0,240
,10360,11260,,0,240
,857,857,,0,240
,6902,9576,,2,300
,8042,10591,,2,360
,1451,2472,,2,300
,5588,5588,,0,240
,8854,6088,,2,300
,5719,5052,,0,240
,3317,11402,,2,360
,60,60,,0,240
,797,718,,0,240
,8742,8742,,0,240
,11128,8542,,0,240
,1186,1648,,0,240
,2761,12406,,2,300
,9293,11126,,2,360
,584,2081,,0,240
,11134,5715,,0,240
,668,11623,,0,240
,12954,12952,,0,240
,2214,2214,,0,240
,8053,11714,,0,240
,1640,1663,,2,300
,5404,5404,,0,240
,202,287,,2,300
,3515,3593,,2,360
,2491,2417,,0,240
,9720,5815,,0,240
,256,11632,,0,240
,11243,6753,,0,240
,11775,5341,,0,240
,1076,1828,,0,240
,9952,8756,,0,240
,12681,30,,2,540
,7857,7851,,0,240
,6590,9580,,0,240
14905800,12213,12213,14905803,4,0
,11593,10673,,2,360
,10971,10972,,0,240
,678,955,,0,240
,2938,1870,,2,300
,12022,11940,,0,240
,5252,5148,,0,240
,12902,12956,,0,240
,12972,3129,,0,240
,9643,9643,,0,240
,906,1721,,0,240
,1320,1996,,0,240
,4516,4505,,0,240
,5555,5555,,0,240
,11811,11798,,0,240
,11310,11337,,2,360
,8758,8683,,0,240
,8041,96,,2,420
,12063,12066,,2,300
,2761,2717,,0,240
,11075,6051,,0,240
,2833,2671,,2,120
,10295,10295,,0,240
,8763,8044,,2,360
,11882,8060,,2,300
,7166,7259,,0,240
,11247,11294,,2,360
,6280,6153,,0,240
,8069,8443,,0,240
,2010,1641,,2,300
,3554,3418,,2,360
,12231,12020,,0,240
,7025,2227,,0,240
,9530,361,,2,360
,11295,13096,,2,360
,6548,6504,,2,300
,3478,8031,,2,120
,11134,5729,,0,240
,11706,11273,,2,360
,7214,12173,,2,300
,5148,5890,,0,240
,6600,6881,,0,240
,10429,10429,,2,120
,5021,5104,,0,240
,441,498,,2,300
,6195,6174,,2,300
,11858,5700,,0,240
,11940,12230,,0,240
,4972,12943,,2,300
,4722,10823,,0,240
,5474,11078,,2,360
,8573,8578,,0,240
,7095,7207,,0,240
,12949,11860,,0,240
,3394,7643,,0,240
,35,11303,,2,300
,6455,6080,,0,240
,8687,12227,,0,240
,3517,11543,,2,300
,857,8622,,0,240
,8366,12947,,0,240
,8283,8483,,2,300
,11268,11289,,0,240
,4045,4010,,2,300
,11526,8038,,2,600
,12954,12898,,0,240
,2477,2799,,0,240
,11114,9239,,0,240
,8752,8860,,0,240
,12173,7214,,0,240
,11810,11808,,0,240
,10028,8703,,2,480
,8074,234,,2,420
,3518,8847,,0,240
,11495,8075,,2,300
,81,3429,,2,480
,11281,10799,,2,300
,6195,6173,,2,300
,1170,1171,,2,480
,11542,75,,2,420
,1076,1833,,0,240
,774,2057,,0,240
,359,358,,0,240
,8854,6340,,2,300
,81,11534,,0,240
,3594,3449,,2,360
,1343,1320,,2,300
,2016,12409,,2,300
,7727,12498,,0,240
,8032,3204,,2,120
,11808,11798,,0,240
,9414,9282,,0,240
,5583,5623,,0,240
,12240,12241,,2,360
,898,728,,0,240
,331,11403,,2,360
,6921,6725,,0,240
,6838,6884,,0,240
,98,74,,0,240
,11251,11286,,0,240
,8563,8047,,0,240
,3904,8032,,2,120
,10972,8747,,0,240
,2039,1343,,2,300
,12818,10814,,2,300
,6479,6068,,0,240
,11289,11268,,0,240
,12536,12536,,0,240
,10880,10880,,0,240
,5633,5509,,0,240
,8673,9505,,0,240
,7108,7106,,0,240
,12240,11259,,2,360
,8022,3479,,2,600
,5561,5623,,0,240
,11878,11879,,2,360
,238,178,,0,240
,11289,11270,,0,240
,5122,5769,,0,240
,4678,4640,,0,240
,1697,906,,0,240
,7493,7493,,0,240
,12666,1186,,2,300
,10288,2663,,0,240
,12950,12956,,0,240
,6646,9580,,0,240
,8283,6781,,2,480
,4849,4915,,2,300
,10067,10067,,0,240
,10854,2396,,2,480
,12695,12155,,2,300
,8757,8680,,0,240
,5352,12173,,2,300
,11798,11810,,0,240
,2386,2396,,2,300
,12948,409,,2,360
,6195,6139,,2,300
,7576,7464,,0,240
,11941,8033,,2,120
,5059,11701,,2,480
,2028,1622,,0,240
,5463,5463,,0,240
,3153,3153,,0,240
,5553,6455,,0,240
,12793,12793,,0,240
,11695,11216,,0,240
,11861,5464,,0,240
,12495,12172,,2,360
,8056,10884,,2,300
,5793,5122,,0,240
,7166,5352,,0,240
,10914,8062,,0,240
,4340,12122,,0,240
,1550,1563,,0,240
,3375,8849,,0,240
,122,122,,0,240
,2836,3129,,0,240
,12375,12375,,0,240
,4939,4939,,0,240
,3064,3056,,2,300
,10745,11284,,2,300
,3479,3479,,0,240
,1833,1133,,2,300
,11807,11806,,0,240
,1832,1065,,0,240
,9720,5183,,2,480
14876335,8928,8928,14876453,4,0
,7357,8960,,2,300
,12411,12406,,2,360
,12168,646,,0,240
,955,497,,2,600
,3954,3314,,0,240
,8139,1387,,2,300
,639,1,,2,300
,12955,12952,,0,240
,12498,12498,,0,240
,7666,10310,,0,240
,10881,6456,,0,240
,3023,8051,,0,240
,35,35,,0,240
,10564,8577,,0,240
,1354,1576,,0,240
,463,11014,,2,300
,4514,4243,,0,240
,3218,3218,,0,240
,11302,77,,2,360
,10138,3984,,2,300
,8673,8674,,0,240
,5891,10880,,0,240
,4982,11630,,2,360
,1130,659,,0,240
,5287,5826,,2,300
,938,11303,,2,300
,12580,8025,,2,120
,5148,10914,,0,240
,12957,12898,,0,240
,8759,11874,,2,300
,5352,7214,,0,240
,6741,6921,,0,240
,10034,10972,,2,300
,12358,11792,,2,420
,10352,236,,2,300
,6223,6222,,0,240
,5262,11882,,0,240
,4353,4414,,2,360
,12625,744,,2,300
,3842,9365,,0,240
,5737,5693,,0,240
,11113,60,,0,240
,3890,3890,,0,240
,12410,8049,,0,240
,8022,3478,,2,120
,12478,10148,,2,300
,10921,8047,,0,240
,2692,8051,,0,240
,5528,5446,,2,360
,11810,11798,,0,240
,10947,10947,,0,240
,2692,8066,,0,240
,1410,2553,,0,240
,4463,4463,,0,240
,1852,1852,,0,240
,11387,6630,,2,360
,1709,8139,,0,240
,12972,12972,,0,240
,12230,12020,,0,240
,6004,5830,,0,240
,659,1079,,0,240
,4939,5997,,0,240
,10926,1300,,2,480
,11874,1401,,2,360
,10866,4459,,0,240
,8043,234,,2,300
,5542,5542,,0,240
,11943,12230,,0,240
,9397,3695,,2,300
,11858,5593,,0,240
,5285,6478,,0,240
,8574,8578,,0,240
,9665,9701,,0,240
,2479,2798,,0,240
,11639,12683,,2,300
,6340,11704,,2,420
,6915,6765,,0,240
,11606,8754,,2,300
,857,12749,,2,360
,4461,4461,,0,240
,8922,8922,,0,240
,12026,10513,,2,360
,11354,11282,,2,300
,3373,3373,,0,240
,2044,834,,0,240
,8756,10972,,0,240
,5250,5069,,0,240
,2761,8068,,2,300
,10029,8703,,2,420
,11256,11270,,0,240
,5890,10948,,0,240
,11801,11805,,0,240
,860,199,,2,300
,12794,12794,,0,240
,12212,12229,,0,240
,11664,5180,,2,480
,12229,3242,,2,300
,8897,2863,,2,300
,11718,11710,,0,240
,7533,7493,,0,240
,6095,9062,,2,300
,12516,11331,,2,300
,1478,1478,,0,240
,887,12749,,2,300
,437,437,,0,240
,6174,11704,,0,240
,381,12671,,2,300
,5725,5037,,0,240
,1685,8070,,0,240
,8035,40,,2,420
,11704,5543,,2,420
,6727,7468,,0,240
,3385,3822,,0,240
,8685,12147,,0,240
,9848,11613,,2,360
,11229,3334,,0,240
,10467,12026,,2,360
,797,650,,0,240
,5067,11130,,0,240
,10247,2677,,0,240
,12361,12600,,2,300
,8029,12498,,2,120
,3723,3723,,0,240
,3535,10929,,0,240
,6340,6174,,2,300
,646,12625,,2,300
,2539,8069,,0,240
,10881,10880,,0,240
,11337,11274,,2,360
,908,1754,,0,240
,4514,4301,,0,240
,1660,1660,,0,240
,6475,7102,,0,240
,11438,938,,2,360
,12735,12736,,0,240
,8673,8760,,0,240
,11295,11707,,2,360
,6080,5997,,0,240
,1329,12873,,0,240
,7495,7429,,0,240
,5583,5561,,0,240
,6174,5542,,0,240
,11247,12716,,2,360
,5629,5557,,0,240
,7727,8024,,2,120
,11288,11270,,0,240
,12949,5509,,0,240
,12738,12738,,0,240
,1143,857,,2,300
,7635,7591,,0,240
,392,860,,0,240
,12951,12956,,0,240
,5216,7635,,0,240
,4461,4656,,2,420
,5542,8854,,0,240
,5793,6456,,0,240
,361,317,,2,300
,11810,11805,,0,240
,9929,5860,,2,300
,59,322,,2,300
,12348,11426,,2,300
,10400,11441,,2,360
,3024,2955,,0,240
,10305,10305,,0,240
,7785,10305,,0,240
,5743,5633,,0,240
,361,12816,,2,300
,11710,8053,,0,240
,695,8045,,0,240
,5352,7207,,0,240
,1379,1379,,0,240
,3195,3533,,0,240
,1442,2263,,0,240
,3728,8031,,2,600
,9849,6987,,2,360
,354,354,,0,240
,1493,10755,,2,360
,4371,4065,,0,240
,3856,3878,,2,360
,5844,8061,,2,300
,11882,6467,,0,240
,10333,10342,,2,300
,8761,8860,,0,240
,5777,5777,,0,240
,12363,11794,,2,300
,8051,2477,,0,240
,11708,4468,,2,360
,7736,8030,,2,120
,5860,5860,,0,240
,11764,8060,,2,360
,2101,6949,,0,240
,2120,176,,0,240
,12375,409,,2,300
,8542,11129,,0,240
,96,1016,,2,480
,6139,6195,,2,360
,113,114,,2,300
,5667,8057,,0,240
,12410,12406,,2,300
,5593,5700,,0,240
,5074,4984,,0,240
,11542,11,,0,240
,6984,10929,,0,240
,5997,6455,,0,240
,6198,6198,,0,240
,4016,4016,,0,240
,11706,11706,,0,240
,10880,6456,,0,240
,2646,3536,,0,240
,6736,7635,,0,240
,11882,6456,,0,240
,3806,3385,,0,240
,12647,3394,,0,240
,11588,8754,,2,360
15070120,4817,4817,15070134,4,0
,11706,11523,,2,60
,12586,12975,,2,360
,5256,5250,,0,240
,3565,3449,,2,420
,11811,11802,,0,240
,11808,11802,,0,240
,3314,3954,,0,240
,5955,5801,,0,240
,5667,10881,,0,240
,11268,11268,,0,240
,4495,10399,,2,420
,4239,4239,,0,240
,3619,3619,,0,240
,1514,1039,,0,240
,11706,985,,0,240
,6777,6777,,0,240
,1168,2610,,0,240
,169,1583,,0,240
,1411,1411,,0,240
,9952,8747,,0,240
,5456,6459,,0,240
,5826,5288,,0,240
,2016,8068,,2,300
,811,761,,0,240
,12411,8049,,2,300
,11788,11289,,0,240
,182,10478,,2,300
,2016,8049,,2,300
,12319,12231,,0,240
,11023,1042,,0,240
,251,11020,,0,240
,2174,2214,,0,240
,97,11526,,2,300
,3548,3140,,2,300
,1175,1172,,2,480
,702,12982,,0,240
,12498,7743,,0,240
,8563,8563,,0,240
,1343,2039,,2,300
,1327,2227,,2,540
,12312,6534,,2,300
,9952,10971,,0,240
,4599,4599,,0,240
,4883,12535,,2,420
,11302,11441,,2,360
,8687,8691,,0,240
,10519,6840,,2,300
,11798,11808,,0,240
,1065,8071,,0,240
,10867,4459,,0,240
,8048,8443,,0,240
,1586,11280,,2,300
,8755,8687,,0,240
,11895,5007,,0,240
,11942,12230,,0,240
,8751,8673,,0,240
,2527,2489,,2,360
,8575,8578,,0,240
,11526,96,,0,240
,8020,10860,,2,120
,12163,4642,,2,300
,10888,10888,,0,240
,11606,8073,,2,300
,8685,8746,,0,240
,695,8072,,0,240
,1451,8644,,2,300
,6318,6318,,0,240
,60,11113,,0,240
,6139,5543,,0,240
,9567,6901,,2,900
,2692,2799,,0,240
,493,453,,2,360
,2613,2613,,0,240
,11130,5025,,2,300
,6608,6840,,2,420
,5117,5675,,0,240
,11678,11708,,2,300
,8073,11606,,2,300
,11664,10916,,2,480
,12953,12951,,0,240
,11364,6339,,0,240
,5117,5659,,0,240
,13043,811,,2,300
,12228,3242,,2,300
,6741,6942,,0,240
,650,718,,0,240
,4403,4569,,2,300
,5769,6467,,0,240
,5593,5509,,0,240
,4242,10865,,0,240
,8750,11878,,2,420
,2725,10329,,0,240
,8073,1231,,2,300
,713,1316,,0,240
,3046,3401,,2,480
,8028,12580,,2,120
,5997,4939,,0,240
,1743,1743,,0,240
,255,256,,0,240
,10885,10890,,0,240
,12826,12826,,0,240
,6630,6630,,0,240
,11976,7732,,0,240
,6038,6039,,2,360
,12196,9293,,2,420
,11707,12716,,2,300
,10247,10247,,0,240
,8535,4496,,2,300
,3361,3419,,0,240
,11788,11256,,0,240
,3411,3443,,0,240
,8049,12406,,0,240
,8368,12946,,2,360
,11266,11288,,0,240
,8797,3407,,0,240
,3906,8032,,2,120
,3943,3943,,0,240
,915,1092,,0,240
,2534,2534,,0,240
,5793,10881,,0,240
,11623,701,,0,240
,10892,10886,,0,240
,7666,10299,,2,420
,11882,10880,,0,240
,366,10968,,0,240
,1197,1197,,0,240
,10482,234,,2,300
,11932,6661,,0,240
,11707,11243,,2,300
,3904,12235,,0,240
,1679,9987,,0,240
,8749,10017,,0,240
,5444,5532,,2,300
,5553,5997,,0,240
,12823,12331,,2,420
,13077,11293,,2,300
,12952,12902,,0,240
,4505,4505,,0,240
,13077,6630,,2,360
,11707,11294,,2,300
,5830,5955,,0,240
,2098,6535,,2,300
,4750,10823,,0,240
,985,11523,,0,240
,12956,12956,,0,240
,5262,5769,,0,240
,4560,4360,,2,420
,11811,11805,,0,240
,1782,8742,,0,240
,405,4879,,2,480
,5794,5040,,2,360
,11759,11759,,0,240
,8057,10880,,0,240
,5828,5954,,0,240
,11901,11903,,0,240
,10468,11275,,2,420
,1018,1018,,0,240
,9952,10034,,0,240
,12866,11281,,2,300
,110,322,,0,240
,8936,8936,,0,240
,7187,7199,,2,360
,859,8038,,2,480
,8025,7768,,2,120
,1198,665,,0,240
,11567,3708,,2,360
,3062,3062,,0,240
,10961,10959,,2,300
,213,10966,,0,240
,5252,6458,,0,240
,2203,10929,,0,240
,1,613,,2,300
,11588,8763,,2,360
,8049,2717,,2,300
,5628,12944,,2,360
,3053,3334,,0,240
,11801,11806,,0,240
,8818,3411,,0,240
,6987,6969,,2,360
,1754,908,,0,240
14903697,4551,4551,14859408,4,0
,5256,5256,,0,240
,4495,8076,,2,360
,6884,6838,,2,300
,3927,3195,,0,240
,4845,5553,,0,240
,1793,1550,,0,240
,11113,110,,0,240
,1254,1130,,0,240
,12953,12952,,0,240
,11279,11088,,2,300
,938,8034,,2,420
,8065,10929,,0,240
,114,56,,0,240
,5507,5507,,0,240
,11589,8754,,2,300
,6175,6466,,0,240
,12721,329,,0,240
,11349,2051,,0,240
,10972,8756,,0,240
,659,709,,0,240
,3334,3334,,0,240
,12764,12764,,0,240
,11269,11268,,0,240
,8676,8755,,0,240
,1423,8644,,0,240
,1231,8073,,2,300
,8024,7827,,2,120
,3401,3532,,2,480
,1075,1133,,0,240
,3965,9255,,0,240
,2799,8066,,0,240
,11015,706,,0,240
,3333,12277,,0,240
,2553,1461,,0,240
,5526,5446,,2,360
,4608,4608,,0,240
,6843,6892,,2,300
,2523,12409,,2,300
,10468,11311,,2,300
,96,11526,,0,240
,11352,932,,2,360
,441,738,,2,600
,8978,2354,,0,240
,6139,8854,,0,240
,663,11015,,0,240
,1151,1307,,2,360
,4939,5553,,0,240
,12234,7643,,0,240
,8385,6951,,0,240
,11292,13007,,2,300
,12976,10967,,2,360
,11133,5729,,0,240
,1996,1996,,0,240
,10799,12866,,2,300
,1027,2062,,0,240
,3728,3059,,2,300
,9524,9547,,0,240
,11736,11739,,2,300
,542,584,,2,540
,11799,11808,,0,240
,11876,1401,,2,300
,911,1697,,0,240
,6563,6820,,0,240
,11473,585,,2,300
,3218,12935,,2,300
,5127,5659,,0,240
,96,96,,0,240
,8750,11876,,2,360
,12764,11221,,2,360
,10889,10888,,0,240
,3565,3448,,2,360
,8754,8916,,2,300
,5891,11882,,0,240
,10374,1362,,2,480
14854194,3944,3944,14854443,4,0
,9720,10916,,2,480
,5909,5813,,0,240
,6858,6563,,2,300
,1343,1996,,2,180
,7658,8024,,2,120
,329,545,,2,300
,5093,4845,,0,240
,124,1509,,0,240
,12952,12951,,0,240
,12210,12229,,0,240
,8854,6173,,2,360
,5900,5176,,0,240
,6988,6988,,0,240
,659,12667,,2,300
,5768,6467,,2,300
,12567,12963,,2,300
,3023,8066,,0,240
,797,12668,,2,300
,5651,11131,,0,240
,10799,1586,,0,240
,12827,12826,,2,300
,77,8034,,2,480
,8676,12227,,0,240
,5890,5148,,2,120
,7525,7525,,0,240
,6113,5285,,0,240
,11799,11806,,0,240
,1721,906,,0,240
,10130,10130,,0,240
,4360,4560,,2,480
,11267,11288,,0,240
,6343,6354,,2,300
,8697,8683,,0,240
,932,11221,,2,420
,6247,6247,,0,240
,11009,706,,0,240
,9510,8703,,2,360
,7097,7093,,0,240
,10260,10251,,0,240
,77,96,,0,240
,12764,12548,,2,300
,8679,10021,,2,360
,869,1018,,0,240
,6512,12716,,2,300
,6107,6107,,0,240
,2477,2630,,0,240
,11403,545,,2,300
,365,10968,,0,240
,11438,11535,,2,480
,8055,10948,,0,240
,6766,6766,,0,240
,3412,3517,,2,300
,11807,11801,,0,240
,5715,11133,,0,240
,5793,8060,,0,240
,2742,1709,,2,120
,4496,31,,0,240
,5542,5436,,0,240
,12665,1186,,2,300
,12272,3331,,0,240
,11664,9720,,2,300
,12957,12956,,0,240
,12409,8068,,0,240
,1728,1546,,0,240
,10629,7145,,2,360
,8044,11588,,0,240
,6174,6139,,0,240
,4301,4514,,0,240
,3984,12264,,0,240
,10886,10888,,0,240
,8748,8679,,0,240
,2789,2809,,0,240
,10629,11754,,0,240
,11593,10643,,0,240
,11021,337,,2,300
,8029,7727,,2,120
,12647,3904,,0,240
,9344,9339,,0,240
,11764,6456,,0,240
,11716,8053,,0,240
,1133,1833,,0,240
,12208,12239,,0,240
,596,359,,0,240
,4961,12943,,2,300
,6464,5585,,0,240
,1554,1554,,0,240
,10891,10891,,0,240
,11248,11268,,0,240
,3532,3386,,2,420
,6754,11540,,2,300
,2051,11349,,0,240
,176,857,,2,360
,12361,11794,,2,300
,5553,5230,,0,240
,11206,7525,,0,240
,695,1572,,0,240
,1301,892,,0,240
,5346,5358,,2,300
,1992,801,,0,240
,2948,2948,,0,240
,3394,8032,,2,120
,11802,11806,,0,240
,7259,7259,,0,240
,12716,12716,,0,240
,2252,8065,,0,240
,5656,5034,,0,240
,11592,8654,,0,240
,8350,3401,,2,480
,2167,2221,,2,300
,8019,859,,2,480
,2971,2847,,0,240
,5039,5040,,2,360
,12663,297,,2,300
,2170,2170,,0,240
,12950,12952,,0,240
,8674,8751,,2,300
,11278,11088,,2,300
,36,35,,2,300
,11310,11275,,2,360
,11427,11,,2,300
,737,955,,2,300
,3806,8031,,2,120
,3975,10132,,2,300
,11263,4220,,2,300
,2397,10929,,0,240
,5250,5250,,0,240
,12636,10316,,2,420
,1307,1151,,2,360
,11799,11798,,0,240
,5633,5464,,0,240
,2221,2167,,2,300
,10866,10866,,2,120
,7095,5352,,0,240
,9652,7672,,2,300
,1173,12409,,2,300
,12716,6753,,0,240
,9388,3865,,0,240
,3423,3423,,0,240
,181,8074,,0,240
,7591,5216,,2,120
14876437,7217,7217,14876351,4,0
,8758,10017,,0,240
,2261,2639,,0,240
,11246,11248,,0,240
,6820,6489,,0,240
,4491,4660,,0,240
,1350,11011,,0,240
,11860,5509,,0,240
,3155,3242,,2,300
,11243,11294,,2,360
,12736,12735,,0,240
,4832,4654,,0,240
,8021,3195,,2,60
,96,8076,,2,420
,2051,11284,,2,300
,1329,2227,,0,240
,10914,5890,,0,240
,2219,2170,,2,300
,11293,13007,,2,300
,11015,663,,0,240
,1615,8071,,0,240
,5028,5065,,0,240
,5844,8056,,2,300
,706,11015,,0,240
,4494,190,,2,360
,4933,5615,,0,240
,2788,1457,,0,240
,8031,3385,,2,60
,8687,8746,,0,240
,10374,1300,,2,420
,11258,11276,,2,300
,2761,1173,,0,240
,4459,4568,,0,240
,12134,12668,,2,300
,2264,2264,,0,240
,548,10967,,2,360
,351,351,,0,240
,6753,6753,,0,240
,12793,10891,,0,240
,2156,809,,2,300
,1283,185,,2,300
,210,1519,,0,240
,11438,11527,,2,300
,1301,9051,,0,240
,8960,7223,,2,360
,11802,11805,,0,240
,12227,12147,,0,240
,12951,12951,,0,240
,12211,12229,,0,240
,7827,7658,,0,240
,12948,31,,0,240
,1190,1683,,0,240
,9547,12478,,2,300
,9952,9952,,0,240
,12321,12234,,0,240
,8710,8710,,2,120
,5925,6116,,0,240
,11588,11588,,0,240
,1824,2032,,0,240
,5700,6077,,0,240
,1522,460,,0,240
,3407,3407,,0,240
,7489,7450,,0,240
,635,981,,2,480
,160,627,,0,240
,1316,713,,0,240
,1443,1443,,0,240
,8761,906,,2,420
,12220,12207,,2,360
,5697,5505,,2,360
,4494,12331,,2,420
,11281,12866,,2,300
,10564,8575,,0,240
,11597,11602,,2,300
,8366,12946,,0,240
,75,74,,0,240
,1054,915,,2,300
,11268,11288,,0,240
,97,10400,,2,60
,10068,3608,,2,420
,10926,10375,,0,240
,12602,235,,2,300
,3076,3046,,0,240
,1186,12666,,2,300
,938,8038,,2,480
,963,12318,,0,240
,6340,6340,,0,240
,10399,10399,,2,120
,10886,10891,,0,240
,12672,761,,0,240
,1258,2000,,0,240
,8028,7777,,2,120
,12721,9136,,0,240
,5743,11860,,0,240
,12816,361,,2,300
,3906,12235,,0,240
,12196,9291,,2,300
,4190,4190,,0,240
,7639,6458,,0,240
,4494,628,,2,360
,1430,1443,,2,300
,2648,2261,,0,240
,11942,12231,,0,240
,6080,4845,,0,240
,3536,2189,,0,240
,12950,12902,,0,240
,9511,8703,,2,360
,5919,5295,,0,240
,2833,2761,,2,120
,12409,12409,,0,240
,11754,5335,,2,360
,7703,7685,,2,300
,1337,1337,,0,240
,1589,341,,0,240
,12954,12956,,0,240
,4495,12036,,2,300
,8053,11710,,0,240
,1685,8047,,0,240
,2032,1838,,0,240
,1660,1642,,0,240
,10966,12976,,2,360
,2838,2994,,2,480
,7188,7198,,0,240
,12362,11793,,2,300
,8049,12409,,0,240
,6255,6255,,0,240
,3769,3904,,0,240
,11427,25,,0,240
,11903,11903,,0,240
,12233,12240,,2,300
,11755,5535,,0,240
,9854,9683,,2,300
,11630,4950,,2,420
,11076,9022,,0,240
,11715,8053,,0,240
,12580,8028,,2,120
,650,12891,,0,240
,6458,5148,,0,240
,1622,9987,,0,240
,1462,1409,,0,240
,11357,11352,,0,240
,5187,5187,,0,240
,10890,10891,,0,240
,3855,3878,,2,360
,11029,11029,,0,240
,3900,9174,,2,300
,9087,11216,,0,240
,5869,5256,,0,240
,80,11638,,0,240
,5722,5664,,2,300
,5055,5678,,0,240
,11535,95,,2,300
,3386,3532,,2,360
,5743,6077,,0,240
,1413,1459,,2,360
,11269,11248,,0,240
,45,193,,2,480
,2004,1824,,0,240
,5667,10880,,0,240
,11337,11275,,2,360
,407,4879,,2,300
,12405,12406,,0,240
,3679,3699,,0,240
,12950,12900,,0,240
,11788,11248,,0,240
,1387,1482,,0,240
,11932,6781,,0,240
,4928,4928,,0,240
,9987,1679,,0,240
,8854,6195,,2,360
,7087,8940,,0,240
,10299,7719,,2,420
,4881,97,,2,360
,12409,8049,,0,240
,5052,5719,,0,240
,12901,12951,,0,240
,1888,9043,,0,240
,3195,3195,,0,240
,2472,1423,,0,240
,2728,2728,,0,240
,627,160,,0,240
,4972,4962,,0,240
,3410,8847,,0,240
,12939,4917,,2,300
,5729,11134,,0,240
,2035,1258,,0,240
,12951,12952,,0,240
,10071,12827,,2,300
,11311,11275,,2,360
,11260,11277,,2,300
,11443,3086,,0,240
,4295,4295,,0,240
,2695,2689,,0,240
,10360,11258,,0,240
,11906,2323,,0,240
,5125,5119,,0,240
,8032,3904,,2,120
,12777,1391,,2,300
,1091,8753,,2,300
,8030,7736,,0,240
,8636,4734,,0,240
,8049,1173,,2,300
,11016,114,,0,240
,5016,11628,,2,480
,12567,11874,,0,240
,10330,2015,,0,240
,329,12721,,2,300
,1885,1885,,0,240
,10867,10866,,0,240
,12234,3394,,0,240
,8622,887,,2,300
,7025,2160,,0,240
,646,12168,,0,240
,1316,655,,0,240
,4080,4107,,2,300
,1283,696,,0,240
,5628,5557,,2,360
,1988,151,,0,240
,7106,7106,,0,240
,8746,8691,,0,240
,8061,5844,,2,300
15070164,4756,4756,15070149,4,0
,5593,5593,,0,240
,7450,7449,,2,120
,10897,4965,,2,300
,6545,6508,,2,300
,7236,7236,,0,0
,12036,10400,,2,60
,11860,5464,,0,240
,10333,2656,,2,300
,5593,5633,,0,240
,10132,3784,,2,300
,4274,4050,,2,360
,12064,12066,,2,300
,9069,8034,,2,360
,2739,1242,,2,300
,1510,1276,,2,300
,6151,6217,,0,240
,11278,12548,,2,360
,11622,256,,2,300
,2098,6682,,2,420
,1604,365,,2,360
,6357,6173,,2,300
,12735,12735,,0,240
,5557,12944,,2,300
,5183,11664,,2,360
,1482,8139,,0,240
,815,2054,,2,300
,11075,9023,,0,240
,11638,11638,,0,240
,4495,190,,2,360
,12155,12155,,0,240
,12036,11303,,2,360
,12235,3195,,0,240
,3334,8021,,2,120
,322,322,,0,240
,11861,11860,,0,240
,12976,10966,,2,360
,11858,5509,,0,240
,7095,7259,,0,240
,675,675,,0,240
,4599,4412,,2,360
,11227,10360,,2,420
,3317,3317,,0,240
,6114,5803,,0,240
,5188,5176,,0,240
,12687,4205,,2,300
,8657,12227,,0,240
,5768,5769,,0,240
,10642,10642,,0,240
,5336,5336,,0,240
,11911,11911,,0,240
,8070,1736,,0,240
,5890,7639,,0,240
,6340,8854,,2,300
14856465,4154,4154,14856495,4,0
,5019,4984,,0,240
,2553,1410,,0,240
,12437,7140,,0,240
,8847,3410,,0,240
,9124,1592,,0,240
,12950,12951,,0,240
,248,1530,,0,240
,7152,8945,,2,300
,11525,11525,,0,240
,9062,6132,,2,360
,12686,12682,,2,360
,3402,3084,,2,420
,11302,8038,,2,480
,9580,6590,,0,240
,1572,695,,0,240
,4982,11627,,2,480
,12393,8046,,0,240
,11132,5651,,0,240
,11135,5756,,0,240
,4427,4427,,0,240
,2399,2396,,2,300
,3816,3385,,0,240
,2847,2941,,0,240
,1992,834,,0,240
,12891,650,,0,240
,11403,12721,,2,300
,11682,1430,,2,300
,3067,3533,,0,240
,11280,12866,,2,300
,9989,1659,,0,240
,6000,5509,,0,240
,113,11016,,0,240
,8367,12946,,0,240
,10961,10960,,2,360
14847691,8396,8396,14847580,4,0
,1832,8046,,0,240
,11269,11288,,0,240
,2477,8051,,0,240
,11739,11739,,0,240
,96,10400,,2,360
,5180,5180,,0,240
,7635,7635,,0,240
,3533,3394,,0,240
,1187,12666,,0,240
,5890,10914,,0,240
,8574,8573,,0,240
,12793,10888,,0,240
,81,93,,2,420
,8563,1736,,0,240
,6823,9582,,2,300
,10887,10891,,0,240
,4984,5019,,0,240
,6468,12155,,0,240
,12028,3973,,0,240
,12231,8020,,0,240
,7652,7652,,0,240
,6015,5935,,2,300
,322,59,,2,300
,11943,12231,,0,240
,6728,5242,,0,240
,6942,6725,,0,240
,3317,11827,,0,240
,12957,12902,,0,240
,11942,11940,,0,240
,6754,11254,,0,240
,4517,4504,,0,240
,9479,12536,,2,240
,11246,11289,,0,240
,7214,7166,,0,240
,12955,12956,,0,240
,5474,11077,,2,360
,10867,4471,,0,240
,11352,11357,,0,240
,12943,4972,,2,300
,3195,3334,,0,240
,11091,11929,,2,360
,11563,74,,2,300
,542,407,,2,360
,6478,6113,,0,240
,761,195,,2,300
,11285,10745,,2,300
,9412,5350,,2,360
,4100,4130,,0,240
,3927,3904,,0,240
,5045,6456,,0,240
,1537,1354,,0,240
,313,10969,,2,360
,11559,8023,,2,120
,11075,9022,,0,240
,11714,8053,,0,240
,10969,313,,2,360
,12902,12900,,0,240
,6736,6727,,0,240
,6587,6908,,0,240
,7140,7106,,2,300
,8852,8852,,0,240
,5543,6340,,2,300
,6691,9574,,0,240
,4065,12349,,2,360
,409,9112,,2,360
,10889,10886,,0,240
,12902,12902,,0,240
,8763,11589,,2,300
,10882,4043,,2,300
,1195,1195,,0,240
,8041,12036,,2,420
,11269,11270,,0,240
,2231,809,,2,360
,36,188,,2,360
,9591,9592,,0,240
,5845,5860,,0,240
,7650,8030,,0,240
,77,78,,0,240
,8948,8948,,0,240
,11906,2266,,0,240
,13013,11704,,0,240
,5432,5547,,2,300
,4494,11523,,2,300
,12957,12955,,0,240
,4961,4962,,0,240
,7591,7591,,2,120
,10138,9178,,2,300
,12207,12207,,0,240
,6512,6541,,2,300
,5045,6467,,0,240
,6196,6354,,2,300
,11639,9543,,2,360
,11293,13077,,2,360
,10251,10251,,0,240
,8907,8762,,0,240
,1596,1039,,0,240
,12631,1116,,2,300
,96,77,,0,240
,8945,8945,,0,240
,5359,5359,,0,240
,3779,3816,,0,240
,3214,3214,,0,240
,9021,5533,,2,300
,11074,6459,,0,240
,5542,6088,,2,300
,4301,4243,,0,240
,8854,11704,,0,240
,607,276,,2,360
,6000,11860,,0,240
,8578,8575,,0,240
,1329,2160,,0,240
,10971,8756,,0,240
,7768,8025,,2,120
,12272,3315,,0,240
,1683,1190,,0,240
,10310,7666,,2,420
,12498,7658,,0,240
,11793,12600,,2,420
,5891,5769,,0,240
,10969,1604,,0,240
,12664,256,,0,240
,6113,5410,,2,300
,4534,4447,,2,360
,627,11282,,2,300
,2630,2692,,0,240
,1197,1070,,2,300
,2739,1244,,2,300
,3868,3868,,0,240
,4329,4500,,2,300
,5419,5275,,2,360
,2189,3624,,0,240
,11704,11704,,0,240
,10896,4965,,2,300
,4247,4297,,0,240
,8746,8672,,0,240
,1980,815,,0,240
,11716,11714,,0,240
,4471,10865,,0,240
,3878,3831,,2,300
,10819,10764,,0,240
,8685,8672,,0,240
,11246,11288,,0,240
,8589,2613,,2,300
,6094,5531,,2,300
,155,11632,,0,240
,1283,11529,,0,240
,1659,1659,,0,240
,1186,1187,,0,240
,2528,2622,,2,300
,10879,10879,,0,240
,4887,407,,2,360
,98,1013,,2,540
,1079,1254,,0,240
,12901,12901,,0,240
,5585,5621,,0,240
,2054,815,,0,240
,411,10591,,2,360
,7650,8023,,0,240
,12234,3195,,0,240
,8032,3195,,2,60
,779,10895,,2,480
,2120,8622,,2,360
,12681,31,,2,300
,1586,10799,,0,240
,8689,8746,,0,240
,5352,5352,,0,240
,11535,11441,,2,420
,10202,8050,,0,240
,1721,911,,0,240
,6051,11076,,0,240
,8057,6456,,0,240
,12948,76,,2,480
,6738,5242,,0,240
14834303,628,628,14834376,4,0
,8743,8738,,2,420
,11950,11958,,0,240
,932,11278,,2,480
,1907,646,,0,240
,2799,10429,,2,120
,10889,10890,,0,240
,667,12982,,0,240
,429,3428,,2,360
,8854,8854,,0,240
,9849,9849,,0,240
,9235,9235,,0,240
,6153,6280,,0,240
,10888,10886,,0,240
,8021,3204,,2,120
,9720,12650,,0,240
,1160,12666,,2,300
,7444,7444,,0,240
,6578,6578,,0,240
,728,898,,0,240
,6166,6166,,2,180
,6753,6610,,2,360
,5567,4925,,2,360
,1031,12632,,2,300
,5667,11882,,0,240
,329,9136,,2,360
,5332,11331,,2,300
,3053,8021,,2,60
,12687,12682,,2,300
,13013,6174,,2,360
,11331,5332,,2,300
,10893,10294,,0,240
,11802,11798,,0,240
,11674,1736,,0,240
,8072,695,,0,240
,5230,4939,,0,240
,1654,1139,,0,240
14859535,4579,4579,14859332,4,0
,7643,3195,,0,240
,5801,5955,,0,240
,4186,12682,,2,300
,12168,1907,,0,240
,60,569,,2,300
,7743,8029,,2,120
,1350,11007,,0,240
,10258,10258,,0,240
,11129,5138,,0,240
,11799,11807,,0,240
,2737,414,,2,300
,1065,1065,,0,240
,12944,5629,,2,300
,10189,10701,,2,360
,11710,11715,,0,240
,1519,210,,0,240
,6459,5516,,0,240
,11592,5287,,2,360
,12065,12063,,2,300
,329,329,,0,240
,6373,6217,,2,300
,6736,7468,,0,240
,11352,12764,,2,300
,607,606,,2,360
,1557,1557,,0,240
,8046,1065,,0,240
,1065,1832,,0,240
,5104,5021,,0,240
,12230,8020,,0,240
,8756,8756,,2,60
,1160,1648,,0,240
,10017,10017,,0,240
,6753,12717,,0,240
,7828,10893,,0,240
,11535,11535,,0,240
,11088,11221,,2,300
,11940,12231,,0,240
,12956,12902,,0,240
,11078,5498,,2,360
,11943,11940,,0,240
,1361,892,,0,240
,5244,6455,,0,240
,8064,11719,,0,240
,8697,8749,,0,240
,5288,5805,,2,360
,11260,11276,,2,300
,3443,3411,,2,300
,11014,337,,0,240
,12631,1031,,2,300
,11827,3298,,2,360
,11861,5700,,2,300
,1429,2326,,0,240
,7166,7095,,0,240
,3204,3204,,0,240
,11284,10745,,2,300
,12971,12971,,0,240
,11245,11305,,0,240
,5706,5591,,2,300
,11253,11288,,0,240
,6727,7469,,0,240
,10968,313,,2,360
,11450,10023,,0,240
,5256,5023,,2,420
,12498,7727,,0,240
,10564,8578,,0,240
,7644,9240,,2,360
,5542,6340,,2,300
,4191,4301,,0,240
,10892,10891,,0,240
,6467,11882,,0,240
,2928,2941,,0,240
,669,701,,0,240
,5124,5124,,0,240
,11278,11357,,2,300
,12375,76,,2,420
,8818,3443,,0,240
,11268,11270,,0,240
,4053,4043,,2,360
,1286,181,,2,360
,12336,1171,,0,240
,1202,1307,,2,360
,1173,2717,,0,240
,7650,7650,,0,240
,6214,6214,,0,240
,12667,659,,2,300
,7732,7732,,0,240
,77,11441,,2,360
,1105,11013,,0,240
,6186,5448,,2,300
,11438,77,,2,360
,4495,11523,,0,240
,5683,11131,,0,240
,12956,12955,,0,240
,4962,4962,,0,240
,8689,8687,,0,240
,12952,12900,,0,240
,2836,1875,,0,240
,5252,10914,,0,240
,12206,12207,,2,300
,7743,7827,,0,240
,2414,1173,,0,240
,6004,5801,,0,240
,11292,13077,,2,300
,6468,5042,,2,480
,5721,5124,,2,300
,3667,3371,,0,240
,6078,5706,,0,240
,12632,1116,,2,300
,11882,5494,,0,240
,2020,2020,,0,240
,9307,31,,2,420
,10799,10799,,0,240
,5543,6088,,2,360
,6220,6220,,0,240
,6341,5540,,0,240
,8577,8575,,0,240
,4463,9543,,2,360
,782,10620,,2,300
,3478,3779,,0,240
,4845,4845,,0,240
,906,11095,,0,240
,11706,11526,,2,120
,5122,5122,,0,240
,8019,35,,2,420
,11792,12600,,2,420
,10865,10866,,0,240
14852893,3885,3885,14853129,4,0
,11706,1016,,0,240
,12716,13096,,2,360
,9069,188,,2,480
,12938,5065,,2,300
,6730,12205,,2,300
,6984,8052,,0,240
,863,1977,,0,240
,12036,96,,2,180
,985,1016,,0,240
,9574,6691,,0,240
,5989,8065,,0,240
,2948,3108,,0,240
,4371,4371,,0,240
,8679,8680,,2,120
,11272,11524,,2,300
,9989,1643,,0,240
,985,11273,,2,300
,10867,4568,,0,240
,2928,2971,,0,240
,801,1992,,0,240
,5997,4845,,0,240
,11798,11802,,0,240
,3053,7643,,0,240
,4933,5567,,0,240
,1337,2227,,2,480
,12229,12209,,0,240
,8037,10867,,2,120
,1133,1828,,0,240
,11253,11270,,0,240
,12235,8021,,0,240
,12900,12901,,0,240
,12721,11403,,2,300
,5621,5585,,0,240
,3068,3068,,0,240
,3058,3058,,0,240
,9567,6902,,0,240
,2222,2166,,0,240
,10884,8061,,0,240
,8688,8746,,0,240
,1334,6958,,2,480
,12380,10690,,2,360
,5830,6004,,0,240
,4689,4629,,0,240
,11077,5474,,2,300
,5352,7259,,0,240
,963,1387,,2,300
,11302,40,,2,360
,8563,11674,,0,240
,4243,4191,,0,240
,3053,3394,,0,240
,2761,8049,,2,300
,8690,8672,,0,240
,11807,11805,,0,240
,1615,1832,,0,240
,955,742,,0,240
,847,1580,,0,240
,11282,12586,,2,300
,12956,12951,,0,240
,7956,7956,,0,240
,11556,11557,,0,240
,1487,1487,,0,240
,4350,4416,,0,240
,4608,13101,,0,240
,10139,9981,,0,240
,5244,5997,,0,240
,4756,10328,,2,300
,8053,11765,,0,240
,6078,5591,,0,240
,12683,9543,,2,300
,8066,3023,,0,240
,4674,4644,,0,240
,9492,9492,,0,240
,1586,11281,,2,300
,761,12672,,0,240
,8064,11710,,0,240
,8041,11526,,2,360
,6675,9574,,0,240
,10092,1886,,2,300
,10144,9848,,2,360
,10399,12036,,2,180
,8037,4459,,0,240
,11128,5138,,0,240
,11798,11807,,0,240
,2325,2264,,0,240
,5633,5700,,0,240
,9124,9124,,0,240
,218,9136,,2,360
,7685,7685,,0,240
,423,11281,,2,300
,8756,10034,,0,240
,10885,10891,,0,240
,12277,3333,,0,240
,5262,10880,,0,240
,4131,4087,,0,240
,2414,12406,,2,300
,11500,251,,0,240
,4881,96,,2,360
,3298,3298,,0,240
,627,11354,,2,300
,11941,12231,,0,240
,7108,12437,,2,300
,12955,12902,,0,240
,8690,12227,,0,240
,12405,8049,,0,240
,2016,1173,,0,240
,365,10969,,0,240
,11095,911,,0,240
,5975,13018,,0,240
,1801,8070,,0,240
,1504,1604,,2,300
,12478,9547,,2,300
,665,1198,,0,240
,7645,11114,,2,540
,9103,2156,,2,360
,8989,8989,,0,240
,12632,1031,,2,300
,1801,1736,,0,240
,5069,5256,,0,240
,11860,5700,,0,240
,7384,7384,,0,240
,4030,4030,,0,240
,2692,2630,,0,240
,9299,9298,,0,240
,10968,365,,0,240
,11122,5583,,0,240
,12428,11903,,0,240
,8535,8077,,2,300
,5045,10880,,0,240
,13101,13101,,0,240
,11302,12036,,2,420
,12655,10891,,0,240
,12900,12900,,0,240
,5803,5954,,0,240
,12900,12898,,0,240
,2189,3536,,0,240
,2016,2717,,0,240
,6077,11860,,0,240
,3769,8021,,2,120
,11248,11256,,0,240
,5801,6004,,0,240
,11941,8020,,2,120
,8030,7650,,0,240
,11279,11357,,2,300
,98,48,,0,240
,11267,11270,,0,240
,3198,3975,,0,240
,11357,11279,,2,300
,3995,4002,,2,300
,5715,11134,,0,240
,12891,12134,,2,300
,11302,189,,2,420
,11438,96,,2,360
,1046,2743,,2,300
,1832,8071,,0,240
,1054,902,,2,300
,1461,9125,,0,240
,12955,12955,,0,240
,3515,3565,,2,300
,8688,8687,,0,240
,6220,6148,,0,240
,12955,12900,,0,240
,169,1530,,0,240
,12672,13043,,2,300
,3822,3779,,0,240
,7445,7445,,0,240
,10644,10673,,0,240
,11130,5067,,2,300
,8760,8674,,2,300
,5059,5111,,0,240
,8035,78,,2,540
,11295,11247,,2,360
,9952,10972,,0,240
,3878,3878,,0,240
,1027,1971,,2,300
,963,1482,,0,240
,11806,11807,,0,240
,11706,11524,,0,240
,11227,11260,,2,420
,596,358,,0,240
,2166,2222,,0,240
,4644,4674,,0,240
,5557,12945,,2,360
,4879,405,,2,480
,12626,646,,2,300
,11858,5633,,0,240
,12947,8367,,0,240
,6467,8057,,0,240
,8690,8755,,0,240
,1300,10375,,2,480
,12716,11247,,2,360
,9720,11664,,0,240
,1738,1165,,2,600
,12921,7699,,0,240
,3024,2917,,0,240
,318,317,,0,240
,5104,5072,,0,240
,7501,7446,,0,240
,1173,2761,,2,120
,8066,2692,,0,240
,12027,745,,0,240
,12332,10860,,0,240
,7207,7259,,0,240
,7643,12235,,0,240
,3633,12291,,2,300
,1902,1902,,0,240
,11714,11714,,0,240
,5093,4939,,0,240
,1589,460,,0,240
,5826,5287,,0,240
,8687,8672,,0,240
,5543,6173,,2,300
,3782,3908,,2,360
,35,40,,0,240
,11388,6630,,2,360
,3059,3479,,2,300
,11799,11802,,0,240
,11302,96,,2,360
,12228,12209,,0,240
,8041,11535,,2,300
,63,397,,0,240
,8749,8697,,0,240
,3067,8021,,2,120
,3133,3548,,2,300
,248,1583,,0,240
,6000,5633,,0,240
,8797,8797,,0,240
,3181,3181,,0,240
,1330,1330,,0,240
,6479,6470,,2,300
,7166,7166,,0,240
,11227,11088,,2,360
,10887,10892,,0,240
,1393,1393,,0,240
,5122,10880,,0,240
,3053,3533,,0,240
,11248,11270,,0,240
,11525,8076,,2,360
,12392,12886,,2,300
,397,63,,0,240
,4347,4346,,2,600
,10814,12818,,2,300
,11311,10468,,2,300
,8604,8800,,2,360
,1482,1709,,0,240
,11806,11805,,0,240
,7658,7743,,0,240
,12816,9530,,2,360
,12955,12951,,0,240
,10880,8057,,0,240
,3045,3077,,0,240
,2798,2428,,2,300
,4949,5019,,0,240
,218,218,,0,240
14877666,7516,7516,14877652,4,0
,8380,6682,,2,360
,8035,8078,,2,360
,932,11352,,2,300
,6175,10437,,0,240
,231,231,,0,240
,11131,5651,,0,240
,36,36,,0,240
,11088,11279,,0,240
,718,12891,,2,300
,2428,2798,,2,300
,668,669,,0,240
,11808,11810,,0,240
,12948,12681,,2,360
,6706,8282,,0,240
,12975,11283,,2,300
,11712,11715,,0,240
,5183,5180,,2,360
,8057,11882,,0,240
,10971,9952,,0,240
,815,1980,,2,300
,7680,7680,,0,240
,8037,12693,,0,240
,12230,8033,,0,240
,12948,8040,,2,360
,7177,7081,,2,300
,3656,12291,,2,300
,12211,3155,,0,240
,11802,11801,,0,240
,8691,12227,,0,240
,13054,2325,,0,240
,10400,97,,0,240
,10399,11553,,0,240
,972,11589,,0,240
,1430,2263,,0,240
,5659,5117,,0,240
,6297,6297,,0,240
,8035,35,,2,480
,1070,1197,,2,300
,1728,1567,,0,240
,3927,3394,,0,240
,3572,8850,,0,240
,2646,2640,,0,240
,10969,365,,2,300
,1896,10959,,2,420
,582,582,,0,240
,4471,4242,,0,240
,8024,7727,,2,120
,8673,8673,,0,240
,2160,1329,,2,300
,5828,6114,,0,240
,12901,12900,,0,240
,1552,1561,,0,240
,2692,2477,,0,240
,7296,12204,,2,300
,9684,9683,,0,240
14905808,12214,12214,14905807,4,0
,12901,12898,,0,240
,12499,12499,,0,240
,10886,10892,,0,240
,11524,8076,,2,360
,11942,8020,,2,120
,11706,8076,,2,420
,5218,6738,,0,240
,5509,5464,,0,240
,11697,11697,,0,240
,8552,8573,,0,240
,11266,11270,,0,240
,10429,2799,,0,240
,1186,1160,,0,240
,12958,114,,0,240
,665,666,,0,240
,12954,12955,,0,240
,12210,3155,,0,240
,1173,12406,,2,300
,5668,5769,,0,240
,11876,8750,,0,240
,782,10619,,0,240
,5216,7469,,2,120
,8679,8659,,2,120
,1401,8750,,2,300
,11882,5769,,0,240
,4846,12939,,2,300
,5285,6113,,0,240
,1187,12665,,2,360
,7635,7468,,0,240
,8617,9582,,2,300
,5667,5494,,2,120
,5042,5042,,0,240
,4491,4491,,0,240
,2163,1808,,2,300
,8746,8746,,2,60
,12647,8032,,2,120
,8575,8575,,0,240
,10591,10591,,2,180
,8960,7357,,2,300
,12625,646,,2,300
14830293,613,613,14829544,4,0
14868959,8970,8970,14868832,4,0
,6261,6297,,2,300
,2590,10023,,0,240
,232,696,,2,300
,7658,7827,,0,240
,11523,985,,0,240
,12946,8367,,0,240
,5345,7169,,2,300
,8691,8755,,0,240
,1401,11697,,2,540
,2349,3633,,2,360
,11876,2821,,2,300
,1907,1907,,0,240
,4496,8040,,2,360
,8672,8746,,0,240
,11016,113,,0,240
,3195,3904,,0,240
,5593,11860,,0,240
,2160,7025,,0,240
,61,61,,0,240
,1286,8043,,2,300
,11354,627,,2,300
,12022,10860,,0,240
,12749,2120,,2,300
,9580,6646,,0,240
,10440,10067,,2,420
,198,202,,0,240
,10132,3198,,2,300
,3478,3385,,0,240
,11764,6467,,2,300
,1429,11911,,0,240
,12196,11126,,2,300
,5542,6173,,2,420
,3198,10132,,0,240
,11013,1105,,2,300
,11196,11199,,0,240
,8578,8573,,0,240
,10947,4660,,0,240
,8033,10860,,2,120
,7198,7198,,0,240
14860513,8497,8497,14860535,4,0
,12902,12901,,0,240
,4144,4112,,2,300
,10884,8056,,0,240
14877414,7544,7544,14877402,4,0
,1116,12631,,2,300
,3843,3843,,0,240
14902908,11712,11712,14842754,4,0
,2328,2639,,0,240
,36,939,,2,360
,8575,8577,,0,240
,6006,6470,,0,240
,3927,8032,,2,120
,10823,4722,,0,240
,8657,12147,,0,240
,1583,169,,0,240
,737,742,,2,300
,12238,3908,,2,300
,11882,11882,,0,240
,5524,5448,,2,300
,11310,10468,,2,420
,5768,5494,,2,120
,301,12626,,2,360
,12793,10885,,0,240
,12954,12951,,0,240
,10881,8057,,0,240
,5464,6077,,0,240
,1896,10961,,2,420
,2410,5991,,0,240
,10823,10764,,0,240
,9069,8038,,2,480
,5025,11130,,2,300
,8535,8535,,0,240
,12546,6730,,2,300
,10300,10305,,0,240
,12054,10819,,0,240
,7563,7525,,0,240
,4242,8036,,2,120
14843818,11392,11392,14843784,4,0
,5019,5019,,0,240
,7025,1329,,2,360
,8032,3533,,2,120
,2051,994,,0,240
,11801,11798,,0,240
,8746,8687,,0,240
,2630,10429,,0,240
,9547,9524,,0,240
,9336,9336,,0,240
,11535,859,,2,420
,7469,7591,,2,120
,25,11429,,0,240
,1828,1133,,0,240
,11807,11810,,0,240
,8659,10021,,2,360
,3155,12229,,0,240
,10673,10644,,2,300
,11715,11715,,0,240
,9129,1016,,2,180
,8019,78,,2,480
,12066,12063,,2,300
,1092,902,,0,240
,12683,4463,,2,300
,11295,11243,,2,300
,10336,10336,,0,240
,3401,3076,,2,480
,5262,6456,,0,240
,2799,8051,,0,240
,3101,1413,,2,300
,2671,12406,,2,300
,11716,11765,,0,240
,3277,9342,,0,240
,11077,5498,,2,360
,5037,5719,,0,240
,4461,4491,,0,240
,5069,5069,,0,240
,3806,3816,,0,240
,10881,11882,,0,240
,2632,10342,,2,360
,646,1907,,0,240
,5815,5183,,2,300
,1137,1617,,0,240
,210,9124,,2,300
,2948,3117,,0,240
,1617,1137,,0,240
,4403,9651,,2,360
,5074,5019,,0,240
,4242,10866,,2,120
,5216,6727,,0,240
,8057,5769,,2,300
,9683,9683,,0,240
,12902,12898,,0,240
,10854,10855,,2,360
,10885,10892,,0,240
,11943,8020,,0,240
,8066,2477,,0,240
,7001,6532,,0,240
,863,2057,,0,240
,1393,12826,,2,300
,5255,5065,,0,240
,1156,1070,,0,240
,1187,1160,,0,240
,11266,11248,,0,240
,12818,179,,2,360
,189,8038,,2,540
,2062,1027,,0,240
,8039,8034,,2,300
,7155,7155,,0,240
,12277,3314,,0,240
,409,1857,,0,240
,666,666,,0,240
,97,4881,,2,360
,12953,12955,,0,240
,11331,12516,,2,360
,10887,12793,,0,240
,12655,12793,,0,240
,8703,9510,,2,360
,10958,11760,,2,360
,11808,11806,,0,240
,7259,7214,,0,240
,11279,11352,,2,300
,11697,11876,,2,240
,12638,10300,,2,300
,2630,3023,,0,240
,10017,8749,,0,240
,8047,8563,,0,240
,8044,8916,,2,360
,3195,12234,,0,240
,985,12535,,0,240
,761,811,,0,240
,1186,12665,,2,300
,11282,627,,2,360
,6942,6741,,0,240
,4656,4656,,0,240
,1016,1016,,0,240
,2428,2800,,2,300
,370,310,,2,300
,3085,3085,,0,240
,8043,181,,0,240
,11563,48,,2,300
,8574,8575,,0,240
,4464,9543,,2,360
,4414,4414,,0,240
,12375,8077,,2,300
,5288,5826,,2,360
,5042,8058,,0,240
,13101,4608,,0,240
,11522,985,,2,300
14849390,2222,2222,14849362,4,0
,3069,3069,,0,240
,13056,12516,,2,300
,8042,10492,,2,360
,1482,8140,,2,120
,4644,4644,,0,240
,5509,5509,,0,240
,5629,5628,,0,240
,9054,934,,0,240
,1865,1865,,0,240
,76,31,,2,420
,11712,11714,,0,240
,11523,1016,,2,300
,8535,11526,,2,480
,8381,8381,,0,240
,199,202,,2,300
,10748,9435,,2,300
,10300,12637,,2,300
,10827,12349,,2,300
,989,4471,,2,120
,12869,1379,,2,300
,7727,8029,,2,120
,12716,11294,,2,300
,11715,11719,,0,240
,9051,1301,,0,240
,6006,6068,,2,300
,1736,1685,,2,120
,5494,10881,,0,240
,8032,3394,,2,120
,6781,8483,,2,600
,4881,859,,2,420
,11627,4982,,2,480
,1533,789,,0,240
,8574,8577,,0,240
,5122,8057,,0,240
,12810,12810,,0,240
,2477,3023,,0,240
,5805,8654,,0,240
,1387,963,,2,300
,596,596,,0,240
,2414,12409,,2,300
,8561,8575,,0,240
,6194,6466,,0,240
,3613,3140,,2,300
,5769,5494,,2,120
,5019,4949,,0,240
,4494,11273,,2,480
,318,9530,,0,240
,11616,96,,0,240
,12974,10812,,2,300
,8749,8683,,0,240
,569,110,,0,240
,2039,1996,,0,240
,13096,11243,,2,300
,310,310,,0,240
,2717,1173,,2,120
,704,1198,,0,240
,12470,7851,,0,240
,12409,1173,,2,300
,189,189,,0,240
,8283,11932,,2,420
,2799,3023,,0,240
,8073,8916,,2,360
,10867,4242,,0,240
,96,8038,,2,600
,1570,1086,,0,240
,1211,1846,,2,420
,7468,7591,,2,120
,26,11429,,2,360
,4459,8036,,0,240
,11806,11810,,0,240
,1604,313,,2,360
,10426,6682,,2,300
,12901,12902,,0,240
,11714,11715,,0,240
,860,392,,0,240
,8139,12318,,0,240
,548,10966,,2,360
,297,12671,,0,240
,5743,5700,,0,240
,3067,3195,,0,240
,202,198,,0,240
,6768,6704,,2,420
,8643,8643,,0,240
,5656,5055,,0,240
,5148,8055,,0,240
,5122,11882,,0,240
,4881,11553,,2,300
,10888,10891,,0,240
,12409,2717,,2,120
,1736,8047,,0,240
,1231,8044,,2,300
,8750,11879,,2,540
,8019,95,,2,480
,10958,10960,,2,420
,2328,2648,,0,240
,5543,6139,,0,240
,1482,963,,0,240
,10345,7707,,2,300
,11764,8057,,2,360
,7685,7703,,2,300
,1487,981,,0,240
,11247,11243,,2,300
,8952,7154,,2,360
,8041,4881,,2,420
,3856,3831,,2,300
,188,188,,0,240
,12949,5633,,0,240
,701,11623,,0,240
,1859,1892,,2,300
,8072,1572,,0,240
,7639,10914,,0,240
,1327,1327,,0,240
,11962,11318,,2,540
,5287,5287,,0,240
,10233,10235,,0,240
,9136,545,,0,240
,96,11535,,2,360
,10880,11882,,0,240
,8066,2630,,0,240
,10277,7656,,2,300
,911,8752,,2,360
,11251,11287,,0,240
,12777,13069,,2,300
,7306,7306,,0,240
,5183,10916,,2,360
,12944,5628,,2,360
,12567,12567,,0,240
,5509,5743,,0,240
,4660,11866,,0,240
,6874,9567,,0,240
,11135,5797,,0,240
,11941,11940,,0,240
,1160,12665,,2,300
,419,419,,0,240
,7729,7656,,2,300
,11022,842,,0,240
,6994,6994,,0,240
,11526,8076,,2,360
,1320,1320,,0,240
,5065,12938,,2,360
,9524,10148,,0,240
,4061,4224,,2,300
,12586,627,,2,360
,11352,11279,,2,300
,11267,11248,,0,240
,9069,859,,2,420
,1622,2028,,0,240
,1286,235,,2,360
,11135,5781,,0,240
,78,78,,0,240
,1709,8140,,2,120
,857,2120,,2,300
,110,60,,0,240
,9492,7100,,2,300
,6174,6195,,2,420
,10642,5404,,0,240
,160,11282,,2,300
,5323,5323,,0,240
,12673,10893,,2,300
,1709,2742,,2,120
,12956,12900,,0,240
,5668,5665,,0,240
,12212,3155,,0,240
,5593,5464,,0,240
,8070,8563,,0,240
,6820,6563,,0,240
,10021,8680,,2,480
,11874,8750,,0,240
,10643,10673,,2,300
,5623,11122,,0,240
,962,962,,0,240
,11278,11352,,2,300
,4665,4652,,0,240
,7643,8032,,2,120
,8037,4471,,2,120
,11715,8064,,0,240
,10972,10971,,0,240
,95,95,,0,240
,9129,190,,2,360
,5494,5122,,0,240
,8029,7658,,2,120
,2418,2623,,2,360
,4191,4243,,0,240
,12205,12205,,0,240
,8673,8751,,0,240
,7727,7743,,0,240
,5678,5034,,2,300
,4883,30,,2,360
,8573,8575,,0,240
,785,1147,,2,360
,12210,3242,,2,300
,5410,6478,,0,240
,4961,4972,,0,240
,11801,11802,,0,240
,6958,1334,,2,480
,12761,12761,,0,240
14877853,7622,7622,14877871,4,0
,4925,5615,,2,360
,5651,11132,,0,240
,2414,2717,,0,240
,972,11588,,0,240
,405,2081,,0,240
,4654,4654,,0,240
,10764,10819,,0,240
,1387,8140,,0,240
,11438,78,,2,360
,4061,4830,,2,300
,6195,8854,,2,300
,2737,10591,,2,420
,6734,12205,,2,360
,6195,5542,,2,360
,12956,12901,,0,240
,8047,11674,,0,240
,11811,11810,,0,240
,437,1242,,2,600
,1061,1570,,0,240
,2252,8052,,0,240
,11427,75,,2,480
,9570,6691,,0,240
,11281,423,,2,300
,12020,10860,,0,240
,5777,5834,,2,300
,1487,616,,2,480
,3385,3385,,0,240
,5262,8057,,0,240
,8642,2011,,2,300
,10092,1865,,0,240
,8074,235,,0,240
,13054,2264,,0,240
,11199,11196,,0,240
,5744,5463,,2,300
,1079,12667,,0,240
,11495,8042,,2,300
,7096,7096,,0,240
,3822,3816,,0,240
,11882,8057,,2,300
,5869,5250,,0,240
,5250,5256,,0,240
,4461,11866,,0,240
,12696,4061,,2,300
,3314,12277,,2,300
,3023,2477,,0,240
,12424,10648,,2,300
,359,359,,0,240
,12556,695,,2,300
,985,985,,0,240
,1559,1553,,2,300
,12690,1808,,2,300
,11229,8032,,2,120
,9043,1888,,0,240
,9129,11535,,2,300
,2227,1327,,2,540
,142,12760,,2,300
,6727,7591,,0,240
,98,11429,,2,480
,4517,4517,,0,240
,3067,3904,,0,240
,4242,4242,,0,240
,4459,4471,,0,240
,1046,968,,0,240
,3994,4194,,2,300
,3053,3204,,0,240
,10352,10814,,0,240
,11011,1350,,0,240
,1347,713,,0,240
,11788,11270,,0,240
,6088,6195,,0,240
,11227,11279,,2,360
,2761,12409,,2,300
,12567,11878,,2,360
,12138,11303,,2,480
,7493,7501,,0,240
,12173,7259,,0,240
,4495,11273,,2,360
14854421,9179,9179,14854219,4,0
,8989,5336,,2,600
,9608,9608,,0,240
,1793,1793,,0,240
,6736,7591,,2,120
,1301,924,,0,240
,646,12626,,2,300
,4845,5997,,0,240
,9339,9339,,0,240
,12957,12900,,0,240
,11858,11860,,0,240
,2833,12406,,2,300
,6478,5285,,0,240
,4471,8036,,0,240
,860,198,,0,240
,6080,5230,,0,240
,1039,1514,,0,240
,5067,11127,,0,240
,4053,4018,,2,360
,11807,11798,,0,240
,1013,12348,,2,300
,5410,5285,,0,240
,6727,6736,,0,240
,10967,12976,,2,360
,11826,4915,,2,360
,2630,2477,,0,240
,4568,12693,,0,240
,5436,6139,,0,240
,3822,3385,,0,240
,6682,6682,,0,240
,12942,5065,,2,300
,11252,11252,,0,240
,10399,31,,2,480
,12638,10308,,2,300
,942,696,,2,360
,989,10866,,2,120
,779,8622,,2,300
,151,1988,,0,240
,10972,9952,,0,240
,5633,5593,,0,240
,12886,12392,,2,300
,9125,1461,,0,240
,7649,7649,,0,240
,1567,1692,,0,240
,12749,887,,2,300
,1648,1160,,0,240
,10889,10891,,0,240
,12234,3904,,0,240
,5989,8052,,0,240
14873821,7050,7050,14873800,4,0
,6919,6919,,0,240
,5542,6139,,0,240
,8054,8063,,0,240
,12982,702,,0,240
,8535,76,,2,360
,3478,8022,,2,120
,8841,8841,,0,240
,11559,8030,,2,120
,11630,4981,,2,480
,10671,5389,,0,240
,11714,11765,,0,240
,3769,8032,,2,120
,1977,863,,0,240
,989,8036,,2,120
,6077,5633,,0,240
,4569,4360,,2,300
,4329,4427,,0,240
,2800,2428,,2,300
,95,11535,,2,360
,10068,10067,,0,240
,8860,8752,,0,240
,11252,11287,,0,240
,8688,8689,,0,240
,5216,7591,,2,120
,4355,8605,,0,240
,5180,10916,,0,240
,12945,5628,,2,360
,11439,7864,,2,300
,6482,6578,,0,240
,2263,1430,,0,240
,8053,11713,,0,240
,584,584,,0,240
,5230,5997,,0,240
,8417,12946,,2,360
,1538,702,,0,240
,7777,7768,,0,240
,8760,9505,,2,300
,12138,8078,,2,360
,5633,11860,,0,240
,2760,1743,,0,240
,8886,8886,,0,240
,11020,165,,0,240
,1567,1728,,0,240
,7643,3533,,0,240
,6470,6006,,2,300
,8073,11588,,0,240
,77,1016,,2,600
,7777,8025,,2,120
,12639,7804,,2,300
,7591,6736,,2,120
,12173,5352,,2,300
,8068,12409,,0,240
,3067,12235,,0,240
,12227,8691,,0,240
,4496,30,,0,240
,4568,4459,,0,240
,12951,12955,,0,240
,4116,4071,,0,240
,11811,11806,,0,240
,10017,10018,,2,300
,11707,12717,,2,300
,5667,5769,,0,240
,2153,12760,,2,300
,2161,2226,,2,300
,7503,7444,,0,240
,8064,11714,,0,240
,7173,7173,,0,240
,12022,8020,,2,120
,3376,12345,,0,240
,5216,6736,,0,240
,11475,12804,,2,480
,11714,8064,,0,240
,10554,8975,,2,300
,6881,6600,,2,300
,1824,2004,,0,240
,11802,11807,,0,240
,4018,4016,,2,360
,35,859,,2,300
,9848,10144,,2,360
,11943,3181,,2,600
,963,1709,,0,240
,12358,12600,,0,240
,5093,6080,,0,240
,7461,7478,,2,360
,12211,3242,,2,300
,797,12134,,0,240
,10429,8051,,0,240
,1178,2610,,2,480
,11387,11292,,2,480
,4951,11630,,2,420
,11357,11278,,2,300
,13013,6340,,2,360
,11266,11268,,0,240
,8022,3779,,2,120
,7639,10948,,0,240
,11016,12958,,2,180
,857,779,,0,240
,3394,3204,,0,240
,10189,6039,,0,240
,5668,5666,,2,300
,12957,12901,,0,240
,77,8076,,2,420
,8031,3822,,2,120
,8051,2630,,0,240
,10399,10400,,2,60
,11246,11270,,0,240
,11280,423,,2,300
,11710,11714,,0,240
,11940,10860,,0,240
,6508,6508,,0,240
,11127,5025,,2,300
,10867,10865,,0,240
,2788,2788,,0,240
,9125,1410,,0,240
,8759,11697,,2,540
,934,9054,,0,240
,3478,3816,,0,240
,6459,6459,,0,240
,358,359,,0,240
,11274,11310,,2,360
,11858,5464,,0,240
,4015,4015,,0,240
,3732,3694,,0,240
,1988,10812,,0,240
,1544,1086,,0,240
,12671,12671,,0,240
,4228,4018,,0,240
,6739,6700,,2,300
,863,774,,0,240
,11266,11256,,0,240
,11907,5935,,2,300
,6339,6339,,0,240
,6455,4939,,0,240
,4495,11535,,2,180
,3784,3975,,2,300
,6215,6215,,0,240
,5781,11135,,0,240
,4984,5074,,0,240
,366,366,,0,240
,2044,801,,0,240
,9324,9243,,2,300
,11208,6566,,0,240
,5494,6456,,0,240
,1018,9551,,0,240
,5180,5183,,2,240
,10360,11227,,2,360
,2477,2692,,0,240
14900161,12382,12382,14900162,4,0
,7025,12873,,2,300
,8019,188,,2,480
,2523,1173,,0,240
,9338,9339,,0,240
,7646,8408,,2,300
,231,3428,,0,240
,13043,12672,,2,300
,12822,176,,2,360
,6148,6148,,0,240
,3872,3872,,0,240
,8044,11606,,2,300
,3195,8032,,2,120
,8139,1482,,0,240
,10865,4242,,0,240
,4495,4881,,2,420
,8688,12147,,0,240
,297,297,,0,240
,11227,11357,,2,360
,12134,12891,,2,300
,9492,8989,,2,480
,11708,11678,,2,300
,10440,10068,,2,480
,5148,8062,,0,240
,5805,5826,,0,240
,4249,4295,,0,240
,11716,11715,,0,240
,3334,3195,,0,240
,1533,847,,0,240
,8701,8737,,2,300
,11622,155,,0,240
,5045,5494,,2,120
,1354,1537,,0,240
,5641,5708,,0,240
,3843,3890,,0,240
,6073,11123,,0,240
,12667,12667,,0,240
,2021,10331,,2,300
,8659,8748,,0,240
,744,12168,,2,300
,5516,5456,,2,300
,8483,11932,,2,480
,11013,1042,,0,240
,1482,12318,,0,240
,4003,1771,,2,300
,6470,6470,,0,240
,12116,2146,,2,300
,3133,3613,,2,300
,9283,10145,,0,240
,3195,3204,,0,240
,10189,6038,,2,360
,3056,7742,,2,360
,1361,9051,,0,240
,3906,3533,,0,240
,4005,10753,,2,360
,10148,9524,,0,240
,12410,12409,,0,240
,5761,5777,,0,240
,1181,1181,,0,240
,12975,12586,,2,360
,4500,4329,,2,300
,189,859,,2,300
,11827,3317,,2,300
,3443,3443,,0,240
,1416,1457,,0,240
,12139,12139,,0,240
,366,1604,,2,360
14830614,955,955,14833615,4,0
,5776,13052,,2,300
,11704,6139,,2,300
,12647,12234,,0,240
,4845,6455,,0,240
,12567,8750,,2,300
,4301,4191,,0,240
,12498,7827,,0,240
,9129,4881,,2,480
,6468,8058,,2,360
,11121,4936,,0,240
,584,4879,,2,600
,10812,1988,,0,240
,6630,13007,,2,360
,5768,5122,,0,240
,6781,6661,,0,240
,12318,8140,,0,240
,6249,6310,,2,300
,8561,8577,,0,240
,3735,11573,,0,240
,12567,11879,,2,360
,11019,419,,0,240
,418,485,,2,300
,1865,1886,,2,300
,12548,11278,,2,360
,11874,11878,,2,360
,1394,12826,,0,240
,3769,7643,,0,240
,6959,6991,,0,240
,5436,5543,,2,300
,4495,11524,,2,300
,860,287,,2,300
,5793,10880,,0,240
,5446,5528,,0,240
,801,2044,,0,240
14879938,7979,7979,14879944,4,0
,485,485,,0,240
,4939,6080,,0,240
,7207,7166,,0,240
,21,91,,0,240
,1886,1886,,0,240
,12950,12955,,0,240
,10439,2156,,2,300
,11810,11806,,0,240
,11593,10644,,0,240
,2266,2323,,0,240
,6566,11208,,0,240
,3373,8886,,0,240
,12900,12951,,0,240
,8060,6467,,0,240
,4504,4504,,0,240
,1218,2000,,0,240
,3054,3066,,2,360
,381,297,,0,240
,1329,7025,,2,360
,11632,155,,0,240
,6340,5542,,2,300
,11011,1312,,0,240
,3822,3478,,0,240
,1347,655,,0,240
,8067,10202,,0,240
,11801,11807,,0,240
,8605,8605,,0,240
,3533,3334,,0,240
,1137,1683,,0,240
,6888,6545,,2,300
,11942,3181,,2,600
,811,13043,,2,300
,1754,1754,,0,240
,12359,12600,,0,240
,5891,6456,,0,240
,3904,3204,,0,240
,1550,1550,,0,240
,545,11403,,2,300
,3769,3204,,0,240
,12212,3242,,2,300
,12691,1633,,2,300
,12916,5042,,0,240
,9179,3943,,0,240
,8056,5844,,2,300
,842,11022,,0,240
,8657,8746,,0,240
,6992,6958,,0,240
,2939,1888,,0,240
,11267,11268,,0,240
,3927,3533,,0,240
,6486,6566,,0,240
,11794,12600,,2,420
,8685,8755,,0,240
,287,860,,0,240
,834,1992,,0,240
,8617,9562,,2,300
,989,4242,,0,240
,8676,8746,,0,240
,11998,11032,,0,240
,12954,12901,,0,240
,7635,7469,,0,240
,10823,12054,,0,240
,3784,10132,,2,300
,4107,4107,,0,240
,545,545,,0,240
,6139,11704,,0,240
,2321,2321,,0,240
,10424,1013,,0,240
,5621,5601,,0,240
,11941,10860,,0,240
,6113,6478,,0,240
,5826,8654,,0,240
,6088,6340,,0,240
14868851,6280,6280,14868949,4,0
,2428,2428,,0,240
,2472,1451,,2,300
,11860,5633,,0,240
,10866,10865,,0,240
,8748,8680,,0,240
,11007,1312,,0,240
,3067,12234,,0,240
,6630,13077,,2,300
,4881,985,,2,480
,892,1301,,0,240
,235,235,,0,240
,5436,11704,,0,240
,11706,10399,,2,360
,11681,10855,,2,300
,1559,2765,,0,240
,690,898,,0,240
,10947,4461,,0,240
,11388,13077,,2,300
,2123,908,,0,240
